Time,Minutes_since_launch, date, Lat, Long, spd, hdg-g, alt-g,Ultraviolet,Ultraviolet,Visible,Visible,Infrared,Infrared,Barometric_Pressure,Internal Temperature,Altitude, ExtTemp,X, accX,Y, accY,Z, accZ, magX, magY, magZ, gyroX,absX,X, gyroY,absY,Y, gyroZ,absZ,Z,unknown,tempFit, Roll, Pitch, hdg-m,ascending
17:21:23,0,9/5/2015,43.9452,-78.897,1.08,70.62,157.7,1.16,75,474,76,2105,71,999.47,45.6,115.37,1.51,-0.82,-5.49,-4.5,7.17,8.2,-0.17,-0.1,0.06,0.54,-8.29,8.29,8.29,-79.76,79.76,79.76,59.29,59.29,59.29,101,27.5342465753,-38.72,-16.42,-125.5,50000000000
17:21:58,0.58,9/5/2015,43.9454,-78.8969,9.12,14.23,157.7,7.22,75,1604,76,11648,71,993.13,45.2,168.88,-3.52,-0.825,-5.94,-4.9375,6.6,7.93,-0.18,-0.1075,0.33,0.4,-33.49,33.49,33.49,-137.34,137.34,137.34,266.89,266.89,266.89,74,23.8356164384,-42.95,21.67,-104.29,50000000000
17:22:28,1.08,9/5/2015,43.9474,-78.8959,11.27,0.07,157.7,5.41,75,1266,76,8593,71,973.88,45.1,333.06,-0.61,-0.754,-3.79,-4.92,9.09,8.058,-0.26,-0.096,0.36,0.33,-24.31,24.31,24.31,54.99,54.99,54.99,-92.91,92.91,92.91,42,19.4520547945,-23.85,1.56,-119.33,50000000000
17:23:03,1.67,9/5/2015,43.9496,-78.895,27.06,30.54,157.7,9.44,75,2017,76,14703,71,956.27,46.2,485.58,-0.68,-1.114,-4.53,-4.604,8.86,8.454,0.18,-0.062,0.08,0.49,20.97,20.97,14.6557142857,19.75,19.75,50.1742857143,-36.81,36.81,85.5314285714,30,17.8082191781,-25.35,5.76,-52.04,50000000000
17:23:33,2.17,9/5/2015,43.9517,-78.8934,20.56,18.82,157.7,9.81,75,2088,76,15511,71,935.32,45.8,670.01,-0.47,-0.54,-4.85,-4.262,8.57,8.714,-0.05,-0.034,-0.11,0.56,-4.53,4.53,16.5671428571,-21.24,21.24,42.2285714286,73.12,73.12,88.03,20,16.4383561644,-30.28,1.88,-99.14,50000000000
17:24:08,2.75,9/5/2015,43.9544,-78.8905,22.63,31.75,157.7,9.7,75,2068,76,15295,71,915.5,45.5,847.61,-0.29,-0.558,-3.91,-4.262,9.15,8.578,0,-0.04,0.17,0.52,-9.77,9.77,13.4814285714,15.92,15.92,25.0971428571,23.3,23.3,55.9014285714,22,16.7123287671,-22.97,2.12,-88.01,50000000000
17:24:38,3.25,9/5/2015,43.957,-78.888,16.9,36.94,157.7,9.55,75,2039,76,15081,71,896.59,45.4,1019.97,-0.65,-0.534,-4.23,-4.252,7.9,8.474,-0.04,-0.036,0.15,0.53,1.23,1.23,10.5742857143,-22.22,22.22,21.2957142857,46.4,46.4,50.3628571429,19,16.301369863,-27.53,4.79,-90.37,50000000000
17:25:13,3.83,9/5/2015,43.9598,-78.8845,25.28,34.66,157.7,7.67,75,1688,76,12614,71,877.17,45.3,1200.08,-0.7,-0.59,-3.79,-3.92,8.41,8.198,-0.29,-0.07,0.2,0.46,-21.67,21.67,8.6614285714,24.14,24.14,18.7957142857,-76.78,76.78,50.7685714286,10,15.0684931507,-24.58,5.44,-124.73,50000000000
17:25:43,4.33,9/5/2015,43.9624,-78.8812,24.19,33.15,157.7,9.85,73.9000405515,2096,76.822087074,15474,70.9541227639,860.46,45.7,1357.65,-0.56,-0.776,-4.48,-3.968,8.34,8.182,0.2,-0.114,0.06,0.49,11.89,11.89,10.5871428571,17.42,17.42,28.6042857143,-41.99,41.99,61.5357142857,0,13.698630137,-28.72,3.36,-52.04,50000000000
17:26:18,4.92,9/5/2015,43.9656,-78.8776,26.02,31.37,157.7,9.4,78.2542579075,2011,80.6907037359,15278,75.0480731318,842.36,44.9,1531.15,-0.75,-1.024,-3.19,-4.068,7.19,8.358,-0.22,-0.062,0.16,0.5,-3.96,3.96,9.4428571429,28.38,28.38,29.9628571429,-54.14,54.14,61.0614285714,-9,12.4657534247,-24.7,5.73,-117.12,50000000000
17:26:48,5.42,9/5/2015,43.9681,-78.8737,31.61,36.9,157.7,6.35,79.0348742903,1442,81.3833381601,10100,75.7923725986,825.49,44.6,1695.61,-1.22,-1.116,-4.15,-4.116,9.07,8.476,-0.22,-0.038,0.33,0.38,-7.58,7.58,9.2971428571,2.25,2.25,28.3671428571,-39.65,39.65,55.78,-19,11.095890411,-24.19,7.24,-113.17,50000000000
17:27:23,6,9/5/2015,43.9712,-78.8691,30.3,56.97,157.7,9.16,80.4592457421,1967,82.652765711,14416,77.2967431591,809.77,44.7,1851.31,-1.89,-1.068,-4.73,-4.064,8.78,8.478,0.22,-0.104,0.16,0.45,-18.01,18.01,8.7214285714,-89.9,89.9,31.4542857143,148.49,148.49,54.8428571429,-29,9.7260273973,-28.54,10.28,-52.14,50000000000
17:27:53,6.5,9/5/2015,43.9739,-78.8654,32.56,43.87,157.7,7.26,79.6532846715,1612,81.9408244039,11710,76.6243259146,792.64,43.5,2023.8,-1.16,-1,-4.03,-4.276,9,8.72,-0.17,-0.102,0.3,0.43,-1.76,1.76,8.1128571429,-25.43,25.43,32.0928571429,19.98,19.98,53.0528571429,-42,7.9452054795,-23.84,7.34,-106.06,50000000000
17:28:28,7.08,9/5/2015,43.9779,-78.8611,35.3,43.68,157.7,9.62,79.6532846715,2052,81.9408244039,15630,76.8445220894,777.82,43.1,2175.48,-0.32,-0.838,-4.22,-4.21,8.35,8.572,-0.13,-0.038,0.02,0.57,-0.21,0.21,8.4542857143,11.05,11.05,30.2542857143,-9.43,9.43,53.11,-52,6.5753424658,-26.54,1.17,-113.62,50000000000
17:28:58,7.58,9/5/2015,43.9809,-78.8574,32.9,51.83,157.7,6.41,77.8892944039,1453,80.3697268076,10269,75.1554415146,761.24,42.3,2347.97,-0.41,-0.684,-4.25,-4.174,8.4,8.52,-0.21,-0.128,0.33,0.39,-17.64,17.64,8.7471428571,45.75,45.75,37.2271428571,-70.22,70.22,55.3557142857,-65,4.7945205479,-26.53,3.29,-113.42,50000000000
17:29:33,8.17,9/5/2015,43.9841,-78.853,36.61,41.2,157.7,9.7,75.9884428224,2067,78.6803745535,15464,73.3429176296,747.38,42.6,2494.52,-0.41,-0.602,-3.82,-4.16,8.33,8.452,0.1,-0.146,0.23,0.47,-7.63,7.63,9.23,21.89,21.89,29.47,-29.46,29.46,40.9042857143,-73,3.698630137,-25.1,3,-73.4,50000000000
17:30:03,8.67,9/5/2015,43.9868,-78.8488,28.72,38.07,157.7,8.64,75.6792376318,1870,78.4076648325,14310,72.8982790729,732.71,41.7,2652.04,-1.12,-0.708,-4.55,-4.036,8.52,8.22,-0.23,-0.086,0.15,0.51,-6.35,6.35,9.6214285714,15.51,15.51,30.5328571429,-54.54,54.54,47.8457142857,-82,2.4657534247,-24.41,3.96,-120.08,50000000000
17:30:38,9.25,9/5/2015,43.9903,-78.8444,29.78,30.88,157.7,9.44,71.1932278994,2018,74.4207935129,15739,68.6171922865,717.79,40.1,2814.89,-0.75,-0.728,-3.96,-4.008,8.66,8.304,-0.26,-0.004,0.02,0.55,-9.63,9.63,11.0842857143,-51.06,51.06,30.3385714286,55.37,55.37,52.2128571429,-89,1.5068493151,-24.76,3.46,-133.6,50000000000
17:31:08,9.75,9/5/2015,43.9933,-78.8408,28.04,31.65,157.7,9.75,69.1048256285,2077,72.5649193938,15603,66.4692180306,705.06,40.7,2956.02,-0.85,-0.74,-3.6,-4.092,7.19,8.342,0.17,-0.062,0.22,0.45,-21.39,21.39,9.27,-35.6,35.6,24.6485714286,47.33,47.33,44.3928571429,-93,0.9589041096,-23.04,5.68,-62.15,50000000000
17:31:43,10.33,9/5/2015,43.9965,-78.8365,29.74,50.33,157.7,8.76,71.0360908354,1891,74.2832319722,14102,68.5040611939,692.44,40,3097.98,-0.51,-0.658,-4.11,-3.986,8.82,8.374,0.2,-0.018,0.21,0.44,-4.5,4.5,9.22,-32.87,32.87,21.5771428571,68.57,68.57,41.23,-101,-0.1369863014,-27.65,3.63,-60.91,50000000000
17:32:13,10.83,9/5/2015,44,-78.8327,29.65,31.55,157.7,8.22,69.9412003244,1792,73.3106477459,13553,67.6806002924,678.61,38.8,3255.98,-0.47,-0.582,-4.24,-3.992,8.52,8.298,-0.19,0.024,0.22,0.49,-10.45,10.45,9.8357142857,-9.69,9.69,22.4157142857,40,40,34.4314285714,-108,-1.095890411,-28.47,3.78,-110.99,50000000000
17:32:48,11.42,9/5/2015,44.0031,-78.8286,29.63,45.43,157.7,7.85,71.3098134631,1722,74.5293947292,12486,69.1282536563,662.22,37.8,3446.64,-0.71,-0.486,-4.02,-4.022,8.68,8.336,-0.01,-0.028,0.28,0.46,-4.94,4.94,9.8342857143,-5.92,5.92,25.9585714286,-15.48,15.48,47.0814285714,-117,-2.3287671233,-24.65,4.54,-88.57,50000000000
17:33:18,11.92,9/5/2015,44.0054,-78.8252,26.75,33.77,157.7,9.81,70.4176804542,2088,73.7378125302,16237,68.4158007437,652.85,37.8,3557.36,-0.37,-0.57,-3.99,-4.15,8.28,8.288,-0.05,-0.068,0.11,0.56,-7.28,7.28,7.1742857143,0.39,0.39,25.49,7.32,7.32,55.2671428571,-125,-3.4246575342,-26.43,2.6,-95.22,50000000000
17:33:53,12.5,9/5/2015,44.0082,-78.8209,31.21,36.68,157.7,6.22,72.2982562855,1417,75.4078579013,9726,70.4473076013,640.43,37,3706.12,-0.37,-0.74,-3.75,-4.156,7.38,8.39,-0.09,-0.046,0.37,0.38,-10.66,10.66,9.1871428571,-21.38,21.38,22.5985714286,6.95,6.95,51.7628571429,-133,-4.5205479452,-26.72,2.73,-99.42,50000000000
17:34:23,13,9/5/2015,44.0106,-78.8172,28.26,55.46,157.7,5.8,72.4604622871,1339,75.5550728835,9105,70.7794216666,629.84,36.4,3834.82,-0.93,-0.668,-4.75,-4.236,8.58,8.468,0,-0.024,0.41,0.34,-9.62,9.62,9.2585714286,75.86,75.86,23.12,-143.92,143.92,52.1942857143,-140,-5.4794520548,-29.23,5.49,-90.92,50000000000
17:34:58,13.58,9/5/2015,44.0131,-78.8136,25.29,48.18,157.7,7.06,72.845701541,1575,75.8953566947,11148,71.2683420987,617.81,35.8,3983.16,-1.32,-0.716,-4.27,-4.166,9.03,8.416,-0.08,-0.052,0.35,0.4,-2.77,2.77,8.7171428571,32.32,32.32,23.3657142857,-104.63,104.63,53.2814285714,-146,-6.301369863,-24.89,7.55,-95.7,50000000000
17:35:28,14.08,9/5/2015,44.0146,-78.8103,19.67,43.08,157.7,1,71.99918897,444,75.1472149821,1359,70.3587438506,607.63,35.4,4110.52,-0.35,-0.706,-4.42,-4.24,9.07,8.652,0.1,-0.028,0.36,0.38,-18.59,18.59,8.02,12.63,12.63,26.5685714286,-44.04,44.04,59.8471428571,-148,-6.5753424658,-26.3,2.82,-78.63,50000000000
17:36:03,14.67,9/5/2015,44.017,-78.8069,22.6,51.84,157.7,5.28,72.0093268451,1242,75.1544550632,8196,70.5847027352,595.19,34.5,4268.54,-0.61,-0.596,-3.64,-4.144,8.02,8.654,-0.19,-0.078,0.39,0.33,-10.95,10.95,9.6571428571,13.34,13.34,23.7471428571,-43.02,43.02,61.4485714286,-157,-7.8082191781,-25.02,3.81,-110.05,50000000000
17:36:33,15.17,9/5/2015,44.019,-78.804,27.27,35.15,157.7,10.16,71.9941200324,2154,75.1423882614,16809,70.6935876205,586.03,34.7,4386.6,-0.32,-0.388,-4.12,-4.164,8.56,8.822,0.03,-0.042,0.1,0.55,-1.15,1.15,10.8428571429,7.64,7.64,15.7028571429,-23.09,23.09,50.4028571429,-161,-8.3561643836,-25.75,2.17,-81.62,50000000000
17:37:08,15.75,9/5/2015,44.0208,-78.8001,19.06,60.28,157.7,7,72.5871857259,1564,75.6733275413,11701,71.2710718034,574.6,32.9,4536.04,-0.38,-0.358,-4.27,-4.134,8.59,8.648,-0.25,-0.11,0.27,0.43,-2.4,2.4,13.2514285714,22.81,22.81,19.23,-53.28,53.28,48.6285714286,-163,-8.6301369863,-26.55,2.05,-118.91,50000000000
17:37:38,16.25,9/5/2015,44.0222,-78.7964,22.34,58.34,157.7,9.96,71.7660178427,2117,74.9420793513,16483,70.5194931242,564.37,32.9,4671.85,-0.28,-0.398,-4.37,-4.172,9.87,8.582,0.1,-0.09,0.17,0.51,-22.12,22.12,13.35,1.63,1.63,21.4228571429,18.16,18.16,52.5528571429,-167,-9.1780821918,-24.48,1.14,-73.96,50000000000
17:38:13,16.83,9/5/2015,44.0236,-78.7911,27.57,55.87,157.7,7.86,71.1881589619,1724,74.4183801525,13281,70.1895021625,551.85,31.4,4840.79,-0.2,-0.424,-4.27,-4.09,8.2,8.382,-0.24,-0.058,0.23,0.48,-17.92,17.92,12.1528571429,-19.55,19.55,21.25,66.6,66.6,46.7742857143,-172,-9.8630136986,-27.73,1.81,-117.29,50000000000
17:38:43,17.33,9/5/2015,44.0252,-78.7867,23.96,73.16,157.7,10.12,72.5162206002,2145,75.59851337,16967,71.9447022499,541.63,31.5,4981.02,-0.81,-0.41,-3.83,-4.122,7.69,8.378,-0.09,-0.032,0.03,0.58,-19.63,19.63,15.18,-57.01,57.01,24.5057142857,92.21,92.21,43.8442857143,-178,-10.6849315068,-26.57,5.08,-98.44,50000000000
17:39:18,17.92,9/5/2015,44.0264,-78.7801,31.59,67.81,157.7,10.02,74.346107056,2128,77.227531615,16559,73.9407229471,530.31,31.2,5138.86,-0.45,-0.53,-3.71,-4.128,7.56,8.316,0.19,-0.026,0.19,0.47,-19.28,19.28,15.6285714286,27.98,27.98,25.2828571429,-71.51,71.51,41.3457142857,-181,-11.095890411,-26.28,3.06,-62.12,50000000000
17:39:48,18.42,9/5/2015,44.0276,-78.7746,26.93,62.08,157.7,9.4,74.3258313058,2011,77.2082247321,15922,74.0402055164,520.69,30.8,5275.16,-0.31,-0.644,-4.43,-4.102,8.57,8.404,-0.12,0.032,0.06,0.57,2.57,2.57,12.7,-12.13,12.13,27.7514285714,2.57,2.57,50.7614285714,-186,-11.7808219178,-27.48,1.81,-108.7,50000000000
17:40:23,19,9/5/2015,44.0296,-78.7687,27.69,66.87,157.7,7.77,74.2599351176,1708,77.1503040834,12740,74.0074490607,510.17,30.3,5426.56,-0.88,-0.584,-4.4,-4.268,9.56,8.614,0.13,0.092,0.31,0.42,-22.34,22.34,12.8214285714,-30.43,30.43,26.4114285714,2.58,2.58,45.5571428571,-194,-12.8767123288,-24.68,4.51,-72.6,50000000000
17:40:53,19.5,9/5/2015,44.0311,-78.7634,23.82,77.73,157.7,9.77,75.2737226277,2080,78.0504874988,16348,75.2564405865,500.58,29.8,5566.8,-0.77,-0.648,-4.14,-4.376,8.64,9.004,0.05,0.082,0.08,0.56,-5.54,5.54,13.0257142857,-28.25,28.25,20.08,35.79,35.79,32.6642857143,-199,-13.5616438356,-25.28,4.9,-74.31,50000000000
17:41:28,20.08,9/5/2015,44.0329,-78.7577,27.12,74.27,157.7,8.73,74.75162206,1886,77.5847089487,14461,74.9513202671,491.51,29.4,5701.45,-0.51,-0.604,-4.66,-4.614,8.74,9.316,0.21,0.078,0.23,0.43,1.62,1.62,11.9757142857,18.91,18.91,22.7342857143,-84.07,84.07,24.2028571429,-200,-13.698630137,-27.65,3.06,-61.44,50000000000
17:41:58,20.58,9/5/2015,44.034,-78.7529,23.94,66.14,157.7,9.39,75.2939983779,2012,78.0673810213,15457,75.4726938545,482.54,28.9,5836.6,-0.77,-0.684,-4.25,-4.64,9.51,9.544,0.14,0.002,0.2,0.48,-18.77,18.77,13.0428571429,-10.17,10.17,21.87,-30.17,30.17,36.0028571429,-205,-14.3835616438,-24.08,4.19,-66.03,50000000000
17:42:33,21.17,9/5/2015,44.0352,-78.7486,20.38,59.84,157.7,6.23,73.8189375507,1419,76.7520996235,10008,74.3152990846,474.15,28.2,5964.87,-0.09,-0.7,-5.62,-4.598,10.13,9.422,-0.14,-0.056,0.34,0.41,21.06,21.06,10.4057142857,-12.69,12.69,18.0071428571,1.96,1.96,40.48,-207,-14.6575342466,-29.11,0.6,-105.86,50000000000
17:43:03,21.67,9/5/2015,44.0365,-78.7447,20.83,54.35,157.7,8.67,71.5683292782,1871,74.7514238826,15149,71.9971732392,465.41,27.3,6100.47,-1.28,-0.698,-4.53,-4.488,10.7,9.398,-0.25,-0.05,0.13,0.53,-11.93,11.93,11.3371428571,-46.56,46.56,14.0314285714,12.28,12.28,40.02,-218,-16.1643835616,-22.23,6.82,-122.1,50000000000
17:43:38,22.25,9/5/2015,44.0383,-78.7408,22.6,52.9,157.7,8.84,68.2329683698,1906,71.7902307173,15513,68.6350870169,455.45,27.2,6257.52,-0.85,-0.634,-3.93,-4.478,8.03,9.244,-0.24,-0.116,0.07,0.55,10.04,10.04,16.3614285714,6.08,6.08,18.0814285714,-85.17,85.17,35.6328571429,-230,-17.8082191781,-25.7,5.46,-123.76,50000000000
17:44:08,22.75,9/5/2015,44.0398,-78.737,20.45,74.34,157.7,9.41,68.1772100568,2014,71.7371367893,15686,68.8067551091,448.02,27.1,6376.51,-0.5,-0.654,-4.11,-4.168,8.62,9.086,0.24,-0.078,0.14,0.46,3.88,3.88,15.7657142857,3.39,3.39,21.5571428571,-33.92,33.92,32.8342857143,-232,-18.0821917808,-25.28,2.93,-52.14,50000000000
17:44:43,23.33,9/5/2015,44.0412,-78.7313,31.21,67.84,157.7,7.02,66.0431873479,1567,69.8354088232,11476,66.5453464602,440.56,26.3,6497.59,-0.45,-0.506,-4.2,-4.192,8.74,8.95,-0.19,-0.066,0.31,0.43,-12.06,12.06,16.0571428571,-0.42,0.42,26.7314285714,-32.57,32.57,45.8185714286,-231,-17.9452054795,-25.83,2.34,-111.08,50000000000
17:45:13,23.83,9/5/2015,44.0425,-78.7254,33.72,69.39,157.7,0.87,62.7078264396,420,66.8693889372,1251,63.2657579783,433.92,25.9,6606.77,-0.19,-0.434,-4.07,-4.294,9.34,9.118,0.05,-0.054,0.37,0.38,-36.79,36.79,16.2714285714,-47.26,47.26,25.1385714286,53.36,53.36,46.6685714286,-237,-18.7671232877,-23.8,1.08,-83.96,50000000000
17:45:48,24.42,9/5/2015,44.0439,-78.719,30.05,66.45,157.7,7.28,60.7258718573,1615,65.1076358722,12314,61.2172662918,425.14,25.2,6753.23,-0.54,-0.376,-4.65,-4.444,10.02,9.356,-0.19,-0.124,0.27,0.47,-14.6,14.6,15.1328571429,-34.5,34.5,26.99,-10.58,10.58,39.67,-239,-19.0410958904,-24.7,2.85,-111.79,50000000000
17:46:18,24.92,9/5/2015,44.045,-78.7134,30.2,59.45,157.7,9.13,60.6346309813,1961,65.0255816198,15803,61.1602457947,417.73,25.4,6878.75,-0.49,-0.376,-4.44,-4.2,8.87,8.836,-0.18,-0.164,0.04,0.57,-23.1,23.1,18.8757142857,48.91,48.91,37.12,-92.85,92.85,39.5957142857,-247,-20.1369863014,-26.47,2.85,-116.36,50000000000
17:46:53,25.5,9/5/2015,44.0485,-78.7069,35.99,53.89,157.7,8.07,60.5890105434,1764,64.9773144126,13420,61.4456515805,409.39,24.8,7022.2,-0.21,-0.61,-4.86,-4.494,9.81,9.488,-0.11,-0.206,0.2,0.53,13.43,13.43,23.9085714286,35.41,35.41,40.1757142857,-18.23,18.23,37.52,-254,-21.095890411,-26.15,1.63,-102.91,50000000000
17:47:23,26,9/5/2015,44.0501,-78.7011,34.31,62.43,157.7,7.05,62.4138280616,1572,66.5990925765,12667,63.6812796855,400.49,23.6,7177.93,-0.45,-0.544,-2.98,-4.366,6.14,9.172,-0.39,-0.188,0.17,0.44,2.07,2.07,20.8771428571,-19.04,19.04,36.9571428571,36.18,36.18,34.3,-259,-21.7808219178,-25.68,3.53,-136,50000000000
17:47:23,26,9/5/2015,44.0501,-78.7011,34.31,62.43,157.7,3.42,61.6889699919,895,65.9402451974,5638,62.6806912825,392.38,23.7,7322.29,-1.36,-0.512,-5.54,-4.376,12.6,9.102,-0.16,-0.17,0.45,0.25,-30.08,30.08,19.8757142857,-74.3,74.3,41.1142857143,33.4,33.4,37.9357142857,-267,-22.8767123288,-23.76,5.65,-106.01,50000000000
17:48:28,27.08,9/5/2015,44.053,-78.6879,41.26,61.13,157.7,3.54,61.7650040552,918,66.0102326479,5882,62.586364822,382.67,23.8,7498.34,-0.21,-0.49,-4.01,-4.312,8.44,8.988,-0.1,-0.13,0.44,0.29,-47.29,47.29,20.8014285714,-21.81,21.81,39.2542857143,-18.04,18.04,33.6985714286,-276,-24.1095890411,-25.41,1.11,-100.56,50000000000
17:49:03,27.67,9/5/2015,44.0563,-78.6813,41.26,61.13,7798.9,9.91,62.0184509327,2106,66.2346751617,17125,62.997033721,374.87,24.1,7642.4,-0.33,-0.454,-4.49,-4.352,8.52,9.15,-0.09,0.016,-0.04,0.59,15.57,15.57,21.4371428571,-24.73,24.73,36.86,-30.82,30.82,45.36,-285,-25.3424657534,-27.59,1.86,-107.54,50000000000
17:49:33,28.17,9/5/2015,44.059,-78.6755,47.49,71.87,7798.9,5.19,63.4833738848,1223,67.5354763973,8466,64.6812614875,366.54,23.9,7798.95,-0.1,-0.27,-4.54,-4.094,9.24,8.25,0.09,0.056,0.38,0.37,-7.59,7.59,25.19,63.6,63.6,37.1485714286,-36.03,36.03,52.3471428571,-296,-26.8493150685,-26.17,0.75,-79.87,50000000000
17:50:08,28.75,9/5/2015,44.0599,-78.6681,47.49,71.87,8009.9,1.19,67.8274533658,479,71.3920262574,1927,69.4364069808,359.43,23.3,7934.87,-0.27,-0.172,-3.18,-4.474,6.95,8.688,0.34,0.086,0.41,0.06,-29.58,29.58,22.9142857143,35.89,35.89,27.7085714286,-63.19,63.19,56.4071428571,-304,-27.9452054795,-25.78,1.35,-51.28,50000000000
17:50:38,29.25,9/5/2015,44.0617,-78.6612,38.38,69.27,8009.9,5.86,64.598540146,1350,68.5249541462,9594,66.1346775612,352.09,22.4,8077.49,-0.44,-0.108,-4.25,-4.54,8.1,8.7,0.04,0.058,0.34,0.42,17.88,17.88,18.3228571429,18.65,18.65,32.7914285714,-99.86,99.86,58.8442857143,-309,-28.6301369863,-27.52,2.58,-83.73,50000000000
17:51:08,29.75,9/5/2015,44.0641,-78.6549,37.47,50.36,8009.9,8.55,64.8976074615,1852,68.7928371464,14273,66.5174428127,346.11,22.2,8195.48,0.28,-0.122,-5.91,-4.812,10.63,9.118,0.05,0.044,0.3,0.46,28.34,28.34,17.8285714286,21.06,21.06,39.8928571429,-85.09,85.09,69.7857142857,-311,-28.904109589,-29.1,-1.35,-84.31,50000000000
17:51:43,30.33,9/5/2015,44.0688,-78.6483,29.46,50.83,8009.9,9.3,65.1206407137,1992,68.9931460566,16398,66.8498601785,340.11,21.5,8315.53,-0.01,-0.2,-4.82,-5.246,8.58,9.746,-0.23,0.052,-0.12,0.58,14.15,14.15,21.7128571429,8.22,8.22,33.3614285714,-61.82,61.82,72.4742857143,-319,-30,-28.98,0.53,-140.82,50000000000
17:52:13,30.83,9/5/2015,44.0713,-78.6422,39.29,70.5,8009.9,9.83,66.4993917275,2091,70.2215464813,17379,68.1364609683,333.77,21.7,8444.26,-0.17,-0.134,-5.9,-5.146,11.33,9.612,0.02,0.084,-0.23,0.55,15.15,15.15,22.2214285714,-57.39,57.39,29.7371428571,-35.1,35.1,68.9528571429,-329,-31.3698630137,-27.16,0.96,-55.56,50000000000
17:52:48,31.42,9/5/2015,44.074,-78.6355,41.98,52.17,8009.9,7.24,65.1257096513,1598,69.0003861377,11850,66.7776746556,328.31,21.5,8556.72,-0.66,-0.204,-5.35,-4.742,10.09,9.198,0.38,0.088,0.06,0.38,-12.11,12.11,20.6,74.44,74.44,27.2885714286,-107.41,107.41,60.7614285714,-336,-32.3287671233,-28.89,3.49,-31.21,50000000000
17:53:18,31.92,9/5/2015,44.0764,-78.6292,38.55,54.72,8009.9,8.99,66.9302514193,1935,70.6028574187,15202,69.0515186257,322.78,21,8672.18,-0.11,-0.26,-3.75,-4.68,7.43,9.268,0.2,0.162,0.13,0.5,-34.78,34.78,18.7028571429,-17.88,17.88,31.2171428571,-54.85,54.85,67.1228571429,-338,-32.602739726,-27.34,0.21,-60.82,50000000000
17:53:53,32.5,9/5/2015,44.0785,-78.6233,29.62,73.62,8009.9,9.91,64.7962287105,2107,68.7083695337,17040,66.8371215568,316.59,20.4,8803.33,-0.07,-0.33,-3.89,-4.476,8.56,8.748,0.07,0.142,0.04,0.57,-33.14,33.14,18.0471428571,-10.52,10.52,30.7471428571,38.54,38.54,63.9728571429,-342,-33.1506849315,-24.91,0.35,-75.15,50000000000
17:54:23,33,9/5/2015,44.0798,-78.6176,30.62,82.33,8009.9,9.91,63.2755474453,2106,67.3617144512,17029,65.6081478651,310.17,19.9,8941.57,-0.29,-0.228,-4.51,-4.164,8.93,8.318,0.14,0.07,0,0.56,-6.53,6.53,17.0585714286,1.51,1.51,28.1342857143,-42.52,42.52,72.7542857143,-348,-33.9726027397,-26.62,1.68,-58.79,50000000000
17:54:58,33.58,9/5/2015,44.0807,-78.6112,37.5,81.18,8009.9,9.44,67.3357664234,2018,70.9648614731,16929,69.8516253875,303.13,19,9095.85,-0.52,-0.364,-4.88,-4.176,8.73,8.352,-0.08,0.02,-0.13,0.6,-15.06,15.06,19.0728571429,48.56,48.56,24.7314285714,-129.62,129.62,60.6685714286,-356,-35.0684931507,-29.14,2.55,-106.53,50000000000
17:55:28,34.08,9/5/2015,44.0812,-78.6056,35.63,76.42,8009.9,0.91,64.8418491484,427,68.7518100203,1428,67.3779063772,296.02,18.2,9254.63,-0.15,-0.436,-3.79,-4.172,7.94,8.27,0.02,0.014,0.42,0.34,-9.56,9.56,14.7271428571,4.93,4.93,27.03,-39.77,39.77,56.6771428571,-368,-36.7123287671,-25.8,0.62,-88.1,50000000000
17:56:03,34.67,9/5/2015,44.0811,-78.5997,28.3,83.27,8009.9,9.72,64.699918897,2072,68.6287286418,17065,67.6948554166,289.99,17.2,9391.74,-0.79,-0.4,-3.81,-4.158,7.6,8.332,-0.05,0,-0.02,0.6,-8.23,8.23,11.3471428571,-39.1,39.1,28.1542857143,96.57,96.57,52.1457142857,-376,-37.8082191781,-26.59,5.23,-90.29,50000000000
17:56:33,35.17,9/5/2015,44.0817,-78.5936,41.45,83.07,8009.9,8.51,64.699918897,1847,68.6214885607,14516,67.8443825711,282.81,16.8,9558.03,-0.43,-0.37,-3.87,-3.954,8.15,8.208,0.04,0.034,0.33,0.44,-26.21,26.21,11.4128571429,-50.62,50.62,32.9671428571,22.81,22.81,55.5657142857,-383,-38.7671232877,-25.2,2.48,-84.5,50000000000
17:57:08,35.75,9/5/2015,44.0817,-78.5864,35.86,94.44,8009.9,9.77,62.6926196269,2081,66.8380152524,16909,65.5753914093,276.28,15.9,9712.26,-0.11,-0.422,-4.44,-3.928,9.24,8.166,0.07,-0.052,0.23,0.5,4.36,4.36,9.6542857143,33.97,33.97,28.4742857143,-26.91,26.91,43.9371428571,-394,-40.2739726027,-25.25,0.85,-79.76,50000000000
17:57:38,36.25,9/5/2015,0,0,0,0,0,0.71,60.9387672344,389,65.3031180616,1158,63.9745712847,268.83,14.9,9891.88,-0.37,-0.304,-3.86,-4.078,8.11,8.5,0.09,0.02,0.36,0.39,-9.48,9.48,8.9885714286,-18.39,18.39,32.0771428571,-6.82,6.82,50.68,-402,-41.3698630137,-25.82,2.12,-78.88,50000000000
17:58:13,36.83,9/5/2015,0,0,0,0,0,7.1,56.9292376318,1582,61.7409981658,13379,59.9088278648,261.24,13.3,10079.06,-0.41,-0.294,-3.66,-4.112,7.73,8.564,-0.41,-0.042,-0.02,0.52,-6.99,6.99,10.0542857143,35.2,35.2,35.1271428571,-66.46,66.46,49.4114285714,-409,-42.3287671233,-25.4,2.71,-151.9,50000000000
17:58:43,37.33,9/5/2015,0,0,0,0,0,5.7,56.5845498783,1321,61.4320880394,9824,59.6297913899,255.76,13.6,10216.96,-0.2,-0.298,-4.56,-4.256,9.27,8.71,0.31,-0.052,0.35,0.26,2.75,2.75,13.8728571429,17.11,17.11,33.0742857143,-48.22,48.22,47.88,-420,-43.8356164384,-26.11,1.19,-54.31,50000000000
17:59:18,37.92,9/5/2015,0,0,0,0,0,2.19,56.0725871857,665,60.9783762911,4414,59.4238503394,248.24,10.6,10410.15,-0.38,-0.25,-4.04,-4.59,8.47,9.436,-0.27,-0.048,0.41,0.25,4.9,4.9,16.8142857143,30.15,30.15,35.1585714286,-86.97,86.97,54.6471428571,-429,-45.0684931507,-25.63,2.14,-119.54,50000000000
17:59:48,38.42,9/5/2015,0,0,0,0,0,9.2,55.9407948094,1972,60.8649483541,15918,59.3267941742,244.22,12.1,10515.37,-0.13,-0.234,-5.16,-4.724,9.97,9.51,0.02,-0.042,0.29,0.47,-15.69,15.69,23.17,60.45,60.45,41.2442857143,-87.69,87.69,68.4142857143,-432,-45.4794520548,-27.22,0.53,-87.43,50000000000
18:00:23,39,9/5/2015,0,0,0,0,0,0.94,60.2240470397,433,64.6659909258,1438,63.8593170886,238.78,11.9,10660.02,-0.13,-0.288,-5.53,-4.76,11.74,9.466,0.11,-0.104,0.19,0.52,-52.94,52.94,34.5785714286,-36.25,36.25,40.8214285714,12.09,12.09,81.5871428571,-445,-47.2602739726,-25.09,0.3,-74.69,50000000000
18:00:53,39.5,9/5/2015,0,0,0,0,0,8.27,59.8996350365,1801,64.3981079255,15318,63.8371761509,231.87,10.6,10847.65,-0.33,-0.418,-4.33,-5.172,8.1,10.53,-0.38,-0.064,-0.11,0.54,-24.95,24.95,36.2828571429,-48.56,48.56,46.9171428571,74.28,74.28,84.1585714286,-455,-48.6301369863,-28.13,2.08,-157.02,50000000000
18:01:28,40.08,9/5/2015,0,0,0,0,0,9.3,59.554947283,1989,64.0867844387,16891,63.5645089868,226.75,10.6,10989.62,-0.47,-0.494,-4.74,-4.996,9.05,10.246,0,-0.116,-0.1,0.6,-53.97,53.97,35.8757142857,60.99,60.99,44.3071428571,-103.19,103.19,71.8114285714,-455,-48.6301369863,-27.73,2.5,-79.81,50000000000
18:01:58,40.58,9/5/2015,0,0,0,0,0,5.87,59.2609489051,1352,63.8237281591,9898,63.5714848987,220.94,9.9,11153.91,-1.03,-0.468,-6.1,-4.632,13.79,9.556,-0.07,-0.126,0.34,0.43,-86.85,86.85,38.6542857143,32.24,32.24,37.73,-158.67,158.67,60.9842857143,-463,-49.7260273973,-24.38,2.84,-99.1,50000000000
18:02:33,41.17,9/5/2015,0,0,0,0,0,3.78,59.8996350365,962,64.3812144029,6572,64.5378003433,216.06,9.5,11294.62,-0.51,-0.39,-4.28,-4.48,8.55,9.71,-0.24,-0.058,0.42,0.25,-14.68,14.68,33.1842857143,-59.78,59.78,38.7714285714,66.22,66.22,72.3857142857,-466,-50.1369863014,-26.74,3.07,-115.85,50000000000
18:03:03,41.67,9/5/2015,0,0,0,0,0,1.08,58.7236415247,459,63.3627763298,1797,62.9903611096,212.36,8.9,11403.03,0,-0.358,-3.71,-4.278,8.29,9.44,0.06,-0.086,0.44,0.3,-2.05,2.05,30.1257142857,-11.88,11.88,35.0328571429,0.54,0.54,71.5671428571,-469,-50.5479452055,-24.65,-0.7,-83.2,50000000000
18:03:38,42.25,9/5/2015,0,0,0,0,0,9.23,59.7729115977,1979,64.2967467902,16120,64.269682687,205.8,8.3,11599.06,0.06,-0.168,-3.57,-3.918,8.87,8.406,-0.04,-0.084,0.28,0.49,-35.14,35.14,33.6671428571,-14.41,14.41,26.5685714286,-11.9,11.9,58.9628571429,-486,-52.8767123288,-22.09,-0.31,-94.99,50000000000
18:04:08,42.75,9/5/2015,0,0,0,0,0,8.9,60.2798053528,1918,64.7480451781,16350,64.7182641505,199.66,7.7,11787.18,-0.31,-0.112,-3.73,-4.196,7.7,8.994,-0.14,-0.02,-0.07,0.61,-14.65,14.65,21.5471428571,43.54,43.54,32.3185714286,-91.9,91.9,47.4371428571,-495,-54.1095890411,-26.18,1.74,-119.9,50000000000
18:04:43,43.33,9/5/2015,0,0,0,0,0,9.18,60.0212895377,1971,64.521189304,16609,64.9448296361,195.21,7,11926.47,-0.08,-0.094,-4.3,-4.428,8.62,9.184,-0.06,-0.068,0.08,0.59,3.54,3.54,24.7814285714,22.39,22.39,33.3014285714,-68.55,68.55,39.76,-494,-53.9726027397,-25.97,1.05,-98.91,50000000000
18:05:13,43.83,9/5/2015,0,0,0,0,0,9.36,63.4174776967,2002,67.5354763973,16372,68.8555864922,190.2,6.7,12086.39,-0.23,-0.172,-5.67,-4.74,11.49,9.422,0.08,0.016,0.32,0.44,-78.76,78.76,26.3057142857,-1.74,1.74,36.9842857143,-14.96,14.96,39.9614285714,-512,-56.4383561644,-26.67,0.76,-79.61,50000000000
18:05:48,44.42,9/5/2015,0,0,0,0,0,9.08,63.4833738848,1961,67.5909836857,16992,68.6915009129,185.89,6.1,12226.73,0.09,-0.072,-4.87,-4.95,9.24,9.634,-0.18,0.03,-0.3,0.55,-2.01,2.01,25.3571428571,72.49,72.49,35.8571428571,-77.99,77.99,45.9671428571,-515,-56.8493150685,-28.36,-0.69,177.49,50000000000
18:06:18,44.92,9/5/2015,0,0,0,0,0,7.83,59.1392944039,1718,63.7416739067,13617,63.9587996579,181.7,5.6,12365.71,-0.33,-0.114,-5.13,-4.866,10.06,9.554,0.38,-0.036,0.18,0.34,37.32,37.32,29.9985714286,-66.66,66.66,36.5457142857,12.48,12.48,35.1328571429,-522,-57.8082191781,-24.69,1.45,-38.45,50000000000
18:06:53,45.5,9/5/2015,0,0,0,0,0,9.19,56.5237226277,1972,61.4176078772,16932,61.3288808818,177.01,4.7,12524.38,0.19,-0.102,-4.78,-4.722,8.76,9.418,-0.07,0.042,-0.2,0.59,12.72,12.72,30.0271428571,-37.66,37.66,39.9271428571,1.95,1.95,38.1942857143,-530,-58.904109589,-28.47,-1.4,-129.37,50000000000
18:07:23,46,9/5/2015,0,0,0,0,0,1.97,59.3927412814,620,63.9661164205,4344,64.3940358986,171.48,2.8,12715.91,-0.29,-0.19,-3.88,-4.666,8.22,9.26,-0.39,0.01,0.38,0.14,-28.5,28.5,23.41,6.52,6.52,42.3128571429,-53.94,53.94,39.5385714286,-524,-58.0821917808,-25.52,1.58,-134.89,50000000000
18:07:58,46.58,9/5/2015,0,0,0,0,0,4.78,61.9981751825,1160,66.2805290086,8277,67.0576210321,167.92,4.7,12841.87,-0.17,-0.128,-4.95,-4.422,10.81,8.928,0.47,-0.056,0.23,0.14,-47.14,47.14,26.5071428571,-48.36,48.36,34.8585714286,-16.06,16.06,35.98,-529,-58.7671232877,-25.46,0.83,-30.21,50000000000
18:08:28,47.08,9/5/2015,0,0,0,0,0,7.77,60.2189781022,1708,64.6997779708,14042,65.1064888112,164.12,3.6,12978.73,-0.35,-0.246,-4.59,-4.47,8.45,9.28,-0.34,-0.084,0.16,0.5,3.74,3.74,29.24,-46.06,46.06,33.18,89.98,89.98,52.7785714286,-530,-58.904109589,-28.55,1.89,-130.73,50000000000
18:09:03,47.67,9/5/2015,0,0,0,0,0,3.19,56.0269667478,852,60.9735495704,5893,60.4738767265,160.35,3.4,13117.07,-0.02,-0.3,-3.91,-4.728,8.4,9.572,0.05,-0.068,0.5,0.16,-32.44,32.44,30.5757142857,-18.44,18.44,36.2357142857,24.37,24.37,60.5442857143,-531,-59.0410958904,-24.65,0.43,-85.1,50000000000
18:09:33,48.17,9/5/2015,0,0,0,0,0,8.69,55.449107867,1878,60.4595038131,16665,59.6085603538,156.52,2.6,13260.34,-0.4,-0.276,-5.02,-4.568,10.52,9.128,-0.21,-0.148,-0.15,0.6,-23.69,23.69,31.7742857143,-20.31,20.31,43.4357142857,-53.08,53.08,70.7857142857,-541,-60.4109589041,-25.33,1.98,-147.67,50000000000
18:10:08,48.75,9/5/2015,0,0,0,0,0,7.64,54.1717356042,1682,59.3276378029,14332,58.6158577642,152.7,1.8,13406.09,-0.56,-0.292,-5.17,-4.52,9.68,9.096,-0.31,-0.144,0.04,0.56,-56.45,56.45,31.0371428571,54.91,54.91,44.3528571429,-130.07,130.07,84.0171428571,-524,-58.0821917808,-28.14,2.96,-132.94,50000000000
18:10:38,49.25,9/5/2015,0,0,0,0,0,8.4,53.0515004055,1824,58.3091997297,14777,56.9956264066,149.83,2.2,13517.55,-0.05,-0.346,-4.15,-4.758,8.59,9.394,0.07,-0.192,0.29,0.47,-22.07,22.07,38.4428571429,59.05,59.05,41.4985714286,-56.31,56.31,83.2585714286,-518,-57.2602739726,-25.92,0.65,-81.16,50000000000
18:11:13,49.83,9/5/2015,0,0,0,0,0,0.73,51.804541768,394,57.2038806835,1287,55.9950380036,146.36,2.7,13654.63,-0.43,-0.286,-4.35,-4.8,8.29,9.422,-0.32,-0.15,0.21,0.47,-36.89,36.89,37.3485714286,56.92,56.92,42.5728571429,-125.63,125.63,92.1571428571,-516,-56.9863013699,-27.83,2.58,-127.36,50000000000
18:11:43,50.33,9/5/2015,0,0,0,0,0,0.71,49.4626926196,389,55.1235640506,1227,53.2058864564,143.39,2.5,13774.08,-0.29,-0.212,-5.1,-4.632,9.89,9.23,-0.19,-0.126,0.31,0.44,-41.98,41.98,34.8728571429,54.78,54.78,40.4128571429,-108.68,108.68,88.9085714286,-511,-56.301369863,-27.39,1.64,-111.04,50000000000
18:12:18,50.92,9/5/2015,0,0,0,0,0,9.44,52.4939172749,2018,57.8265276571,16678,56.0914875677,140.44,2,13894.72,-0.1,-0.226,-5.23,-4.602,10.66,9.208,0,-0.154,0.25,0.51,-55.58,55.58,27.1585714286,26.08,26.08,33.3928571429,-84.67,84.67,75.23,-510,-56.1643835616,-26.3,0.46,-89.9,50000000000
18:12:48,51.42,9/5/2015,0,0,0,0,0,6.22,50.3396188159,1418,55.8861859253,10579,53.8698112864,137.19,1.1,14030.02,-0.19,-0.16,-4.33,-4.628,8.72,9.376,-0.19,-0.096,0.4,0.33,-24.78,24.78,28.92,25.96,25.96,28.3557142857,-86.66,86.66,80.4842857143,-502,-55.0684931507,-26.06,1.6,-110.53,50000000000
18:13:23,52,9/5/2015,0,0,0,0,0,5.72,49.8225871857,1324,55.425234096,9687,53.103977483,134.57,0.5,14141,-0.12,-0.164,-4,-4.426,8.48,9.076,-0.07,-0.026,0.33,0.45,-6.36,6.36,30.6314285714,5.19,5.19,25.2442857143,-30.34,30.34,74.8185714286,-496,-54.2465753425,-24.97,0.9,-97.65,50000000000
18:13:53,52.5,9/5/2015,0,0,0,0,0,0.63,52.9703974047,374,58.224732117,1076,56.4102564103,132.27,0.3,14239.88,-0.1,-0.154,-4.48,-4.328,9.13,8.786,-0.03,-0.084,0.41,0.35,2.45,2.45,27.7585714286,5.77,5.77,20.6071428571,-34.32,34.32,72.7271428571,-489,-53.2876712329,-26,0.71,-93.76,50000000000
18:14:28,53.08,9/5/2015,0,0,0,0,0,8.04,51.2570965126,1758,56.7043150883,13756,54.5103819767,129.77,0.1,14348.95,-0.31,-0.186,-4.09,-4.288,8.39,8.722,0.16,-0.098,0.11,0.53,-34.4,34.4,23.7214285714,23.79,23.79,19.2642857143,-93.09,93.09,70.3557142857,-487,-53.0136986301,-25.8,2.05,-62.82,50000000000
18:14:58,53.58,9/5/2015,0,0,0,0,0,6.84,49.9341038118,1533,55.5314219519,13099,52.8300971168,126.63,-0.6,14488.37,-0.05,-0.212,-4.74,-4.342,9.21,8.78,-0.29,-0.17,0.17,0.51,-48.87,48.87,22.16,35.14,35.14,17.1742857143,-85.97,85.97,66.9057142857,-488,-53.1506849315,-27.33,0.63,-126.54,50000000000
18:15:33,54.17,9/5/2015,0,0,0,0,0,6.87,47.2222222222,1539,53.12530167,11650,50.0039429067,124.46,-0.2,14586.36,-0.35,-0.222,-4.13,-4.294,8.4,8.646,-0.26,-0.194,0.36,0.35,-21.87,21.87,23.6757142857,22.32,22.32,20.5985714286,-94.04,94.04,75.3514285714,-489,-53.2876712329,-25.88,2.52,-119.28,50000000000
18:16:03,54.67,9/5/2015,0,0,0,0,0,5.37,51.6321978913,1260,57.0421855391,10318,54.872522793,121.63,-1,14716.27,-0.25,-0.214,-4.27,-4.28,8.77,8.618,-0.43,-0.208,0.17,0.42,-27.32,27.32,24.9528571429,16.68,16.68,20.3114285714,-68.07,68.07,71.7,-483,-52.4657534247,-25.66,1.8,-141.31,50000000000
18:16:38,55.25,9/5/2015,0,0,0,0,0,4.57,56.1942416869,1110,61.0966309489,7736,59.7095594257,119.4,-0.7,14820.37,-0.15,-0.232,-4.24,-4.17,8.46,8.524,-0.15,-0.148,0.35,0.41,-13.85,13.85,20.1942857143,11.33,11.33,17.9485714286,-62.51,62.51,62.9542857143,-478,-51.7808219178,-26.46,1.03,-106.81,50000000000
18:17:08,55.75,9/5/2015,0,0,0,0,0,7.95,56.2347931873,1740,61.1352447147,13858,59.7489884928,117.33,-0.3,14918.42,-0.27,-0.182,-4.02,-4.108,8.25,8.428,0.09,-0.106,0.27,0.47,-16.97,16.97,13.9385714286,29.16,29.16,20.2642857143,-89.46,89.46,53.1542857143,-474,-51.2328767123,-26.01,1.53,-78.07,50000000000
18:17:38,56.25,9/5/2015,0,0,0,0,0,0.53,57.9683698297,356,62.6749686263,952,61.6870787914,114.8,-0.9,15040.17,-0.14,-0.124,-4.19,-4.348,8.74,8.9,0.01,0.034,0.36,0.41,-11.39,11.39,15.2085714286,-3.76,3.76,25.7857142857,-8.76,8.76,43.66,-467,-50.2739726027,-25.52,0.79,-88.5,50000000000
18:18:13,56.83,9/5/2015,0,0,0,0,0,6.75,59.2710867802,1517,63.8357949609,11517,63.0989426944,112.27,-1.3,15164.12,-0.1,-0.116,-3.82,-4.522,7.92,9.514,-0.05,-0.006,0.25,0.51,-1.09,1.09,20.4014285714,7.25,7.25,27.4214285714,-31.87,31.87,38.5514285714,-472,-50.9589041096,-25.66,0.75,-95.9,50000000000
18:18:43,57.33,9/5/2015,0,0,0,0,0,9.4,63.4783049473,2012,67.5740901631,16794,67.4667734284,109.45,-0.6,15304.98,0.04,-0.152,-5.47,-4.88,11.13,10.254,0.27,0.014,-0.02,0.49,-5.08,5.08,23.3785714286,51.35,51.35,34.3971428571,-17.37,17.37,36.0842857143,-478,-51.7808219178,-25.85,-0.1,-34.81,50000000000
18:19:18,57.92,9/5/2015,0,0,0,0,0,5.31,63.5948905109,1248,67.6778646588,10401,67.6666484686,105.97,-1.2,15482.9,-0.11,-0.166,-5.11,-4.946,11.53,10.292,-0.35,-0.014,0.23,0.44,-30.76,30.76,22.33,-60.97,60.97,32.0671428571,-27.58,27.58,25.49,-490,-53.4246575342,-26.24,-1.94,-131.73,50000000000
18:19:48,58.42,9/5/2015,0,0,0,0,0,5.03,65.049675588,1196,68.9714258133,8792,68.8892528495,103.89,0.5,15591.52,-0.45,-0.168,-5.81,-5,11.95,10.406,0.19,-0.002,0.29,0.42,-63.67,63.67,21.1542857143,-28.13,28.13,33.3728571429,32.31,32.31,31.0357142857,-493,-53.8356164384,-26,1.68,-65.53,50000000000
18:20:23,59,9/5/2015,0,0,0,0,0,3.05,66.403081914,827,70.1732792741,5459,70.4645957307,101.21,0,15734.09,-0.21,-0.19,-4.52,-4.716,8.93,9.808,-0.13,-0.056,0.39,0.36,-34.69,34.69,24.3157142857,-60.16,60.16,33.9971428571,45.24,45.24,28.6085714286,-495,-54.1095890411,-26.85,1.08,-103.63,50000000000
18:20:53,59.5,9/5/2015,0,0,0,0,0,9.43,68.5117599351,2017,72.0460469157,17339,72.5212765312,99.7,0.7,15815.77,-0.11,-0.182,-4.09,-4.526,8.49,9.178,0.01,0.048,-0.09,0.6,-9.63,9.63,24.8442857143,-12.85,12.85,28.8571428571,15.3,15.3,34.7428571429,-489,-53.2876712329,-25.56,0.75,-84.17,50000000000
18:21:28,60.08,9/5/2015,0,0,0,0,0,9.71,69.7181670722,2069,73.1175789169,17175,73.9307140301,97.72,0.1,15924.42,-0.07,-0.126,-4.05,-4.274,8.14,8.644,0,0.046,0.08,0.58,-3.16,3.16,22.6971428571,12.9,12.9,20.2114285714,-47.58,47.58,36.9542857143,-481,-52.1917808219,-26.4,0.33,-89.14,50000000000
18:21:58,60.58,9/5/2015,0,0,0,0,0,9.52,69.5762368208,2034,72.992084178,16808,74.0978326145,95.56,-0.3,16044.98,-0.07,-0.108,-4.16,-4.238,8.38,8.656,0.17,0.044,0.08,0.53,-23.22,23.22,16.5757142857,-11.62,11.62,17.7228571429,-14.88,14.88,36.1871428571,-474,-51.2328767123,-26.36,0.93,-59.59,50000000000
18:22:33,61.17,9/5/2015,0,0,0,0,0,9.64,72.2577047851,2056,75.3740708563,16969,76.9482508659,93.56,-0.1,16158.61,-0.17,-0.104,-4.55,-4.326,9.28,8.846,0.18,0.072,0.12,0.52,-8.78,8.78,12.9742857143,15.37,15.37,11.9028571429,-60.31,60.31,30.3814285714,-472,-50.9589041096,-26.28,0.97,-62.23,50000000000
18:23:03,61.67,9/5/2015,0,0,0,0,0,8.29,72.0853609084,1805,75.2220291534,14342,76.8885006642,91.38,-0.3,16284.72,-0.12,-0.118,-4.34,-4.272,8.99,8.778,-0.14,0.118,0.32,0.44,-15.73,15.73,13.4528571429,-0.45,0.45,11.3457142857,-43.06,43.06,28.4357142857,-473,-51.095890411,-25.9,0.59,-106.04,50000000000
18:23:38,62.25,9/5/2015,0,0,0,0,0,8.93,71.3300892133,1923,74.5511149725,15477,75.9379568464,89.23,-1,16411.5,-0.09,-0.118,-4.53,-4.206,9.44,8.69,0.15,0.122,0.19,0.5,-20.82,20.82,13.81,-10.71,10.71,9.6857142857,-26.94,26.94,21.65,-472,-50.9589041096,-25.7,0.71,-68.44,50000000000
18:24:08,62.75,9/5/2015,0,0,0,0,0,8.27,72.6175993512,1801,75.6950477845,14415,76.9060920942,87.19,-1.2,16534.11,-0.14,-0.09,-3.78,-4.232,7.8,8.774,0.23,0.122,0.34,0.34,-9.48,9.48,16.3985714286,-19.42,19.42,8.7357142857,4.6,4.6,22.8514285714,-473,-51.095890411,-26.01,1.03,-62.37,50000000000
18:24:43,63.33,9/5/2015,0,0,0,0,0,9.71,73.9152473642,2069,76.848634038,17130,78.221506433,85.32,-1.1,16648.55,-0.07,-0.044,-3.83,-4.224,7.94,8.798,0.19,0.172,-0.02,0.54,-12.98,12.98,18.9185714286,-8.95,8.95,7.8642857143,-1.68,1.68,18.4485714286,-476,-51.5068493151,-25.63,0.83,-49.09,50000000000
18:25:13,63.83,9/5/2015,0,0,0,0,0,9.54,75.6792376318,2037,78.4149049136,16844,80.0134058828,83.68,-1.2,16750.61,-0.03,-0.026,-4.68,-4.216,9.7,8.758,0.18,0.102,0.11,0.52,-5.66,5.66,21.5214285714,-1.28,1.28,8.26,-0.08,0.08,13.3542857143,-479,-51.9178082192,-25.83,0.05,-61.46,50000000000
18:25:48,64.42,9/5/2015,0,0,0,0,0,9.53,75.6032035685,2036,78.3473308234,17099,79.8878394691,81.9,-1.7,16863.22,0.11,-0.008,-4.3,-4.366,9.11,9.094,0.11,-0.002,0.03,0.57,-41.34,41.34,20.6771428571,4.97,4.97,8.8,-23.29,23.29,9.8171428571,-478,-51.7808219178,-25.18,-0.19,-68.62,50000000000
18:26:18,64.92,9/5/2015,0,0,0,0,0,6.95,75.5271695053,1554,78.2821700936,12383,79.7771347807,79.88,-2.4,16993.44,0,-0.014,-4.49,-4.444,9.24,9.25,-0.2,-0.078,0.18,0.53,-26.42,26.42,19.8085714286,-9.27,9.27,7.0814285714,-29.49,29.49,10.4357142857,-481,-52.1917808219,-26.06,-0.03,-116.41,50000000000
18:26:53,65.5,9/5/2015,0,0,0,0,0,7.67,75.2433090024,1688,78.0287672555,14409,79.4201500731,78.2,-1.8,17103.8,-0.05,-0.032,-4.53,-4.422,9.48,9.182,-0.29,-0.16,0.02,0.57,-33.95,33.95,19.6728571429,-3.22,3.22,6.6485714286,-7.4,7.4,11.6285714286,-476,-51.5068493151,-25.68,0.45,-136,50000000000
18:27:23,66,9/5/2015,0,0,0,0,0,5.82,75.3700324412,1343,78.1421951926,10350,79.511140228,76.35,-1.6,17227.56,-0.1,-0.07,-4.22,-4.41,8.72,9.132,-0.19,-0.174,0.25,0.49,-14.91,14.91,19.2214285714,-14.49,14.49,9.0228571429,-2.18,2.18,12.5557142857,-472,-50.9589041096,-25.89,0.51,-112.48,50000000000
18:27:58,66.58,9/5/2015,0,0,0,0,0,6.41,76.1354420114,1454,78.8203494546,11320,80.3970810358,74.73,-1.1,17337.94,-0.12,-0.094,-4.57,-4.316,9.36,8.942,-0.23,-0.172,0.21,0.51,-3.4,3.4,14.9242857143,-7.39,7.39,8.4171428571,8.93,8.93,14.2071428571,-472,-50.9589041096,-25.99,0.56,-118.7,50000000000
18:28:28,67.08,9/5/2015,0,0,0,0,0,7.91,76.3939578264,1734,79.0496186891,13660,80.737384215,73.39,-1.2,17430.73,-0.08,-0.108,-4.24,-4.304,8.86,8.898,0.04,-0.074,0.39,0.37,-12.03,12.03,12.2242857143,5.92,5.92,9.5928571429,-10.03,10.03,14.6985714286,-474,-51.2328767123,-25.61,0.39,-85.59,50000000000
18:29:03,67.67,9/5/2015,0,0,0,0,0,7.85,74.6907948094,1722,77.5340283811,13593,79.0513366454,71.64,-0.5,17553.99,-0.12,-0.108,-4.02,-4.298,8.29,8.888,-0.19,0,0.15,0.55,-2.5,2.5,9.0928571429,-17.9,17.9,9.5571428571,6.57,6.57,13.9771428571,-474,-51.2328767123,-26.02,0.83,-115.58,50000000000
18:29:33,68.17,9/5/2015,0,0,0,0,0,7.59,73.6922141119,1674,76.6483251279,13129,77.9270016318,70.21,-0.6,17656.53,-0.12,-0.09,-4.47,-4.26,9.26,8.826,0.2,0.034,0.26,0.44,-11.26,11.26,9.7485714286,0.73,0.73,9.6285714286,-34.85,34.85,20.1142857143,-471,-50.8219178082,-25.74,0.7,-65.03,50000000000
18:30:08,68.75,9/5/2015,0,0,0,0,0,6.53,73.7327656123,1476,76.6845255334,11367,78.0455921336,68.69,-1.1,17767.4,-0.1,-0.098,-4.19,-4.276,8.67,8.852,0.18,0.046,0.39,0.32,-7.52,7.52,12.12,17.5,17.5,12.1971428571,-32.93,32.93,28.1142857143,-470,-50.6849315068,-25.75,0.47,-69.49,50000000000
18:30:38,69.25,9/5/2015,0,0,0,0,0,9.28,73.6770072993,1989,76.6362583261,16925,78.0765287863,67.15,-1.9,17881.76,-0.03,-0.1,-4.38,-4.252,9.05,8.822,-0.06,0.116,-0.1,0.6,-12.03,12.03,12.1671428571,-2.97,2.97,12.7342857143,2.35,2.35,28.8571428571,-470,-50.6849315068,-25.77,0.16,-107.85,50000000000
18:31:13,69.83,9/5/2015,0,0,0,0,0,9.56,73.7986618005,2042,76.7448595424,16810,78.3770995978,65.7,-1.5,17991.41,-0.12,-0.1,-4.32,-4.268,8.99,8.864,0.1,0.084,0.17,0.53,-19.5,19.5,13.8342857143,14.99,14.99,11.1185714286,-45.14,45.14,30.1828571429,-467,-50.2739726027,-25.65,0.8,-74.58,50000000000
18:31:43,70.33,9/5/2015,0,0,0,0,0,8.96,73.9051094891,1929,76.8389805966,15631,78.1420416978,64.18,-1.2,18108.47,-0.13,-0.108,-3.9,-4.144,8.14,8.628,0.16,0.08,0.15,0.51,-20,20,12.4285714286,25.37,25.37,11.5,-64.93,64.93,30.86,-464,-49.8630136986,-25.65,0.92,-65.72,50000000000
18:32:18,70.92,9/5/2015,0,0,0,0,0,9.89,75.8363746959,2103,78.557293175,17269,80.0807385974,62.78,-0.9,18218.29,-0.12,-0.13,-4.55,-4.084,9.47,8.508,0.04,0.106,0.15,0.55,-12.36,12.36,13.9057142857,-9.68,9.68,10.6857142857,-15.23,15.23,31.8842857143,-459,-49.1780821918,-25.74,0.68,-82.79,50000000000
18:32:48,71.42,9/5/2015,0,0,0,0,0,9.8,76.2621654501,2086,78.936190752,17263,80.4107295591,61.25,-0.9,18340.61,-0.14,-0.144,-3.57,-4.086,7.49,8.482,0.16,0.014,-0.01,0.55,-14.17,14.17,13.9728571429,-6.59,6.59,12.35,-15.85,15.85,32.9142857143,-457,-48.904109589,-25.56,0.8,-53.04,50000000000
18:33:23,72,9/5/2015,0,0,0,0,0,9.44,77.0123682076,2018,79.6022782122,16599,81.2375267663,59.83,-0.6,18456.36,-0.14,-0.144,-4.08,-4.032,8.45,8.352,0.07,-0.054,0.15,0.55,-1.42,1.42,11.5671428571,-3.4,3.4,11.88,-39.59,39.59,30.65,-459,-49.1780821918,-25.69,0.82,-78.49,50000000000
18:33:53,72.5,9/5/2015,0,0,0,0,0,4.91,78.1376723439,1173,80.6014094025,8856,82.4103898625,58.01,-1.8,18608.02,-0.19,-0.13,-4.33,-3.986,8.86,8.244,-0.36,-0.066,0.26,0.4,-17.86,17.86,10.9642857143,11.8,11.8,8.3485714286,-40.1,40.1,24.8642857143,-460,-49.3150684932,-25.78,1.23,-130.41,50000000000
18:34:28,73.08,9/5/2015,0,0,0,0,0,7.74,79.1311841038,1702,81.4822859349,13423,83.6875883363,57.07,-0.3,18687.86,-0.13,-0.132,-3.63,-4.026,7.49,8.284,-0.18,-0.104,0.14,0.56,-12.5,12.5,10.2057142857,-14.62,14.62,7.0814285714,9.56,9.56,28.95,-454,-48.4931506849,-25.93,0.91,-115.64,50000000000
18:34:58,73.58,9/5/2015,0,0,0,0,0,9.62,79.151459854,2052,81.4991794575,17235,83.5890156685,56.06,-0.2,18774.84,-0.05,-0.134,-4.32,-4,8.93,8.218,-0.02,-0.164,0.01,0.59,-2.66,2.66,9.4614285714,11.7,11.7,6.2542857143,-29.29,29.29,32.2214285714,-443,-46.9863013699,-25.64,0.2,-93.62,50000000000
18:35:33,74.17,9/5/2015,0,0,0,0,0,9.42,77.8436739659,2016,80.3359397625,17201,82.3160634019,54.78,-0.7,18886.92,-0.15,-0.12,-3.77,-3.934,7.69,8.092,-0.03,-0.082,-0.08,0.6,-15.78,15.78,11.3985714286,0.65,0.65,6.4057142857,-24.43,24.43,28.7514285714,-435,-45.8904109589,-25.88,1.09,-96.68,50000000000
18:36:03,74.67,9/5/2015,0,0,0,0,0,7.19,75.5068937551,1599,78.2556231296,13374,80.2217733375,53.38,-1.2,19011.97,-0.15,-0.102,-3.95,-4.08,8.12,8.412,-0.23,-0.014,0.12,0.55,-7.05,7.05,8.85,0.81,0.81,4.7485714286,-43.83,43.83,26.6814285714,-435,-45.8904109589,-26.13,0.85,-121.95,50000000000
18:36:38,75.25,9/5/2015,0,0,0,0,0,7.88,75.9630981346,1727,78.663481031,13634,80.6330488374,52.54,-0.8,19088.27,-0.12,-0.11,-4,-4.054,8.23,8.366,0.05,0.028,0.35,0.4,-8.96,8.96,11.4414285714,-0.8,0.8,2.7285714286,-38.75,38.75,26.9914285714,-430,-45.2054794521,-25.75,0.81,-84.53,50000000000
18:37:08,75.75,9/5/2015,0,0,0,0,0,9.63,73.6770072993,2055,76.6314316054,16742,78.1232370657,51.46,-0.8,19187.84,-0.04,-0.092,-4.36,-4.18,9.09,8.674,0.16,0.058,0.24,0.47,-14.98,14.98,13.0414285714,4.46,4.46,1.7828571429,-15.3,15.3,24.4842857143,-431,-45.3424657534,-25.63,0.26,-68.34,50000000000
18:37:43,76.33,9/5/2015,0,0,0,0,0,7.25,73.8442822384,1611,76.7786465875,12408,78.2014885989,50.24,-0.5,19302.38,-0.09,-0.082,-4.19,-4.16,8.7,8.626,0.19,0.12,0.31,0.4,-0.02,0.02,13.7,0.2,0.2,2.4085714286,-25.61,25.61,22.8657142857,-432,-45.4794520548,-25.73,0.67,-67.33,50000000000
18:38:13,76.83,9/5/2015,0,0,0,0,0,9.39,73.1295620438,2010,76.1463461724,16386,77.6476618563,49.08,-1,19413.39,-0.06,-0.076,-4.4,-4.206,9.23,8.742,0.12,0.104,0.19,0.51,-30.64,30.64,14.02,-0.48,0.48,3.1685714286,-11.73,11.73,18.5785714286,-435,-45.8904109589,-25.6,0.41,-72.99,50000000000
18:38:48,77.42,9/5/2015,0,0,0,0,0,10.07,74.1484184915,2136,77.0537696689,17460,78.4532280274,47.85,-1.3,19533.44,-0.1,-0.1,-3.85,-4.216,7.88,8.752,0.08,0.034,0.21,0.51,-13.86,13.86,13.5814285714,-5.08,5.08,3.6885714286,-11.74,11.74,14.6057142857,-427,-44.7945205479,-25.88,0.73,-78.57,50000000000
18:39:18,77.92,9/5/2015,0,0,0,0,0,9.55,74.7617599351,2039,77.5967757506,17340,79.2842714418,46.74,-0.6,19643.95,-0.09,-0.114,-4.23,-4.104,8.81,8.524,-0.03,-0.058,-0.05,0.6,-20.39,20.39,12.7385714286,-5.03,5.03,4.2728571429,-13.1,13.1,13.3685714286,-418,-43.5616438356,-25.5,0.74,-96.51,50000000000
18:39:53,78.5,9/5/2015,0,0,0,0,0,6.57,73.9405920519,1483,76.8679409209,11042,78.1787410602,45.42,0.4,19778.16,-0.16,-0.128,-4.41,-4.072,9.14,8.426,-0.19,-0.154,0.37,0.36,-9.29,9.29,14.8385714286,-6.13,6.13,4.9114285714,-13.82,13.82,13.3628571429,-416,-43.2876712329,-25.84,0.62,-111.05,50000000000
18:40:23,79,9/5/2015,0,0,0,0,0,6.7,74.2295214923,1507,77.1213437591,12728,78.3137097899,44.14,0.4,19911.36,-0.16,-0.136,-3.63,-4.06,7.56,8.4,-0.27,-0.136,0.12,0.54,-5.89,5.89,12.8985714286,-4.44,4.44,4.9385714286,-10.94,10.94,12.3257142857,-413,-42.8767123288,-25.51,1.1,-127.21,50000000000
18:40:58,79.58,9/5/2015,0,0,0,0,0,4.95,75.0405515004,1180,77.8405251472,9905,79.0646818681,43.01,1.5,20031.58,-0.13,-0.134,-4.24,-4.008,8.74,8.288,-0.36,-0.172,0.15,0.48,-9.08,9.08,13.0071428571,-8.55,8.55,5.5442857143,-6.64,6.64,15.3085714286,-410,-42.4657534247,-26.01,0.78,-135.35,50000000000
18:41:28,80.08,9/5/2015,0,0,0,0,0,9.86,74.4069343066,2098,77.2830389034,16987,78.3076437796,42.61,3.5,20074.74,-0.14,-0.134,-3.79,-4.044,7.75,8.348,0.17,-0.11,0.28,0.43,-14.72,14.72,11.2185714286,4.67,4.67,6.2371428571,-25.57,25.57,17.5742857143,-403,-41.5068493151,-26.1,0.95,-68.82,50000000000
18:42:03,80.67,9/5/2015,0,0,0,0,0,5.38,73.1447688564,1261,76.1584129742,8994,77.1593480252,41.31,2.6,20217.34,-0.08,-0.122,-3.97,-4.106,8.25,8.434,-0.21,-0.09,0.37,0.35,-17.06,17.06,11.88,0.67,0.67,5.6785714286,-4.47,4.47,19.4457142857,-399,-40.9589041096,-25.76,0.31,-113.05,50000000000
18:42:33,81.17,9/5/2015,0,0,0,0,0,10.13,74.5285888078,2147,77.3844000386,17521,78.6127640989,40.68,2.8,20287.75,-0.16,-0.124,-4.59,-4.14,9.44,8.5,0.12,-0.048,0.06,0.55,-14.62,14.62,14.07,-9.32,9.32,5.24,-32.62,32.62,19.9285714286,-392,-40,-25.93,0.74,-67.53,50000000000
18:43:08,81.75,9/5/2015,0,0,0,0,0,8.03,73.6567315491,1756,76.6097113621,14773,77.9300346369,39.39,2.5,20434.74,-0.1,-0.114,-3.94,-4.232,7.99,8.686,-0.17,-0.1,0.16,0.55,-7.87,7.87,14.2957142857,9.88,9.88,4.6714285714,-28.96,28.96,20.78,-383,-38.7671232877,-26.19,0.47,-113.85,50000000000
18:43:38,82.25,9/5/2015,0,0,0,0,0,6.92,73.4894566099,1549,76.46249638,11512,77.8417741867,38.56,2.6,20531.38,-0.14,-0.118,-4.41,-4.328,9.07,8.862,-0.15,-0.034,0.38,0.36,-13.92,13.92,14.8971428571,2.22,2.22,4.7485714286,-26.92,26.92,18.3328571429,-383,-38.7671232877,-25.74,0.85,-106.67,50000000000
18:44:08,82.75,9/5/2015,0,0,0,0,0,8.95,73.7834549878,1927,76.7255526595,16163,77.8520864043,37.7,3.3,20633.31,-0.09,-0.124,-4.25,-4.22,8.68,8.644,-0.09,-0.044,0.07,0.58,-21.22,21.22,14.1742857143,1.37,1.37,4.7071428571,-14.32,14.32,18.55,-377,-37.9452054795,-25.99,0.66,-105.14,50000000000
18:44:43,83.33,9/5/2015,0,0,0,0,0,8,75.4359286294,1750,78.1928757602,13590,79.7234505893,36.89,3.4,20731.06,-0.1,-0.138,-4.45,-4.228,9.13,8.68,0.12,-0.032,0.36,0.37,-10.66,10.66,13.7714285714,4.57,4.57,5.9528571429,-12.6,12.6,16.0828571429,-369,-36.8493150685,-25.88,0.62,-75.52,50000000000
18:45:13,83.83,9/5/2015,0,0,0,0,0,9.99,77.2860908354,2121,79.8387875278,17646,81.2739228282,36.07,4,20831.79,-0.19,-0.144,-4.05,-4.19,8.35,8.598,0.07,-0.054,-0.01,0.57,-18.93,18.93,13.1528571429,-5.21,5.21,5.2528571429,-8.44,8.44,12.9128571429,-369,-36.8493150685,-25.6,0.78,-70.8,50000000000
18:45:48,84.42,9/5/2015,0,0,0,0,0,8.79,79.2072181671,1897,81.5498600251,15850,83.0239668068,35.12,3.4,20950.84,-0.17,-0.166,-3.98,-4.14,8.17,8.494,-0.11,-0.09,0.08,0.58,-12,12,12.06,0.38,0.38,6.23,-5.99,5.99,15.3042857143,-353,-34.6575342466,-25.85,1.1,-107.75,50000000000
18:46:18,84.92,9/5/2015,0,0,0,0,0,6.63,79.4860097324,1496,81.7936094218,11138,83.2523520955,34.21,4.3,21067.35,-0.17,-0.178,-4.22,-4.12,8.66,8.434,-0.26,-0.084,0.22,0.49,-11.8,11.8,10.6728571429,-18.04,18.04,6.8228571429,-15.35,15.35,15.6714285714,-350,-34.2465753425,-25.79,0.98,-122.01,50000000000
18:46:53,85.5,9/5/2015,0,0,0,0,0,7.14,82.0610300081,1589,84.0838884062,12956,85.9908524564,33.3,5.5,21186.4,-0.2,-0.17,-4,-4.158,8.16,8.486,-0.27,-0.134,0.09,0.54,-3.54,3.54,9.6242857143,-4.98,4.98,7.7328571429,-6.77,6.77,15.2914285714,-350,-34.2465753425,-25.97,1.12,-129.94,50000000000
18:47:23,86,9/5/2015,0,0,0,0,0,9.98,82.2840632603,2119,84.2793705956,17200,86.12218158,32.81,6.9,21251.59,-0.16,-0.174,-4.35,-4.244,8.83,8.666,0.15,-0.116,0.16,0.51,6.27,6.27,7.2585714286,9.06,9.06,8.1642857143,-43.66,43.66,15.5242857143,-346,-33.698630137,-26.08,1.01,-66.42,50000000000
18:47:58,86.58,9/5/2015,0,0,0,0,0,7.67,83.4803325223,1689,85.3436625157,14135,87.0709055947,31.59,5.8,21417.41,-0.15,-0.18,-4.24,-4.26,8.61,8.69,-0.18,-0.024,0.13,0.55,-11.51,11.51,6.4442857143,5.52,5.52,8.6,-16.89,16.89,15.8714285714,-341,-33.0136986301,-26.06,1.09,-115.87,50000000000
18:48:28,87.08,9/5/2015,0,0,0,0,0,9.74,85.3102189781,2075,86.9726807607,17169,88.9871582561,31.36,6.7,21449.25,-0.19,-0.178,-4.41,-4.208,9.07,8.618,-0.02,0.026,-0.02,0.59,-3.32,3.32,6.5314285714,10.94,10.94,7.2528571429,-9.94,9.94,13.6871428571,-333,-31.9178082192,-25.87,0.99,-91.16,50000000000
18:49:03,87.67,9/5/2015,0,0,0,0,0,10.13,85.5332522303,2148,87.1754030312,17374,89.1576131463,30.55,6.4,21562.91,-0.2,-0.18,-4.3,-4.142,8.78,8.504,0.2,0.014,0.13,0.49,-2.37,2.37,7.38,-8.23,8.23,6.7628571429,-10.07,10.07,13.6728571429,-325,-30.8219178082,-25.66,1.2,-59.15,50000000000
18:49:33,88.17,9/5/2015,0,0,0,0,0,9.83,86.5875912409,2091,88.111786852,17212,90.4257126046,29.89,5.5,21657.34,-0.19,-0.184,-3.74,-4.118,7.8,8.476,-0.02,0.02,-0.02,0.59,-6.3,6.3,9.4128571429,3.43,3.43,5.6828571429,-8.42,8.42,11.3728571429,-312,-29.0410958904,-25.23,1.27,-90.81,50000000000
18:50:08,88.75,9/5/2015,0,0,0,0,0,10.35,85.9945255474,2189,87.5856742929,17840,89.8285138881,29.29,5,21744.66,-0.17,-0.176,-4.02,-4.066,8.26,8.386,0.09,0.05,-0.01,0.57,-12.41,12.41,8.4671428571,-8.61,8.61,5.12,0.06,0.06,10.33,-304,-27.9452054795,-25.88,1.21,-67.99,50000000000
18:50:38,89.25,9/5/2015,0,0,0,0,0,8.74,86.8967964315,1889,88.3893232938,15675,90.443000734,28.23,5.7,21902.54,-0.17,-0.174,-4.12,-4.058,8.47,8.364,-0.15,0.016,-0.01,0.59,-9.48,9.48,8.8357142857,1.55,1.55,5.2214285714,-6.67,6.67,11.7842857143,-300,-27.397260274,-25.86,1.07,-120.2,50000000000
18:51:13,89.83,9/5/2015,0,0,0,0,0,10.41,86.2733171127,2199,87.8318370499,17740,89.7256950131,27.71,7.5,21981.75,-0.15,-0.178,-4.15,-4.198,8.62,8.638,0.13,0.036,0.1,0.53,-20.5,20.5,10.8642857143,1.5,1.5,4.2342857143,-27.56,27.56,11.8114285714,-299,-27.2602739726,-25.61,0.92,-66.73,50000000000
18:51:43,90.33,9/5/2015,0,0,0,0,0,10.46,86.3087996756,2210,87.8632107346,18023,89.6162035268,27.33,7,22040.4,-0.19,-0.19,-4.26,-4.216,8.67,8.66,0.03,0.03,0.17,0.53,-4.89,4.89,10.38,1.58,1.58,4.4757142857,-9.59,9.59,12.0271428571,-293,-26.4383561644,-26.17,1.32,-84.13,50000000000
18:52:18,90.92,9/5/2015,0,0,0,0,0,10.57,86.6686942417,2228,88.1866010233,17954,89.9219304471,26.48,6.9,22174.01,-0.21,-0.198,-4.44,-4.244,9.17,8.698,0.08,0.082,0.14,0.54,-5.9,5.9,9.8428571429,11.65,11.65,4.0085714286,-20.12,20.12,14.3385714286,-283,-25.0684931507,-26.2,1.32,-76.57,50000000000
18:52:48,91.42,9/5/2015,0,0,0,0,0,10.39,88.1843065693,2197,89.5332561058,17901,91.0935803413,26.1,6.9,22234.87,-0.23,-0.214,-4.11,-4.268,8.37,8.722,0.06,0.036,-0.02,0.57,-16.57,16.57,8.7842857143,-1.32,1.32,4.4785714286,-10.26,10.26,15.86,-279,-24.5205479452,-26.15,1.26,-73.62,50000000000
18:53:23,92,9/5/2015,0,0,0,0,0,10.53,87.74837794,2224,89.1471184477,17830,90.6537945928,25.18,6.9,22385.25,-0.21,-0.224,-4.26,-4.198,8.66,8.596,0.11,0.032,0.11,0.53,2.91,2.91,7.5457142857,-5.12,5.12,5.6842857143,-9.93,9.93,12.2428571429,-273,-23.698630137,-26.17,1.29,-69.44,50000000000
18:53:53,92.5,9/5/2015,0,0,0,0,0,9.39,85.6396999189,2011,87.267110725,16725,88.5118863472,24.52,6.7,22495.89,-0.23,-0.222,-4.27,-4.152,8.74,8.494,-0.1,-0.01,-0.06,0.59,-8.65,8.65,9.0128571429,-5.34,5.34,5.5842857143,-16.24,16.24,12.6985714286,-268,-23.0136986301,-25.89,1.2,-114.1,50000000000
18:54:28,93.08,9/5/2015,0,0,0,0,0,10.08,85.2443227899,2138,86.9171734723,17771,88.0924217333,23.98,6.5,22588.22,-0.24,-0.222,-3.91,-4.16,8.04,8.548,0.01,-0.006,-0.06,0.58,2.07,2.07,8.4271428571,4.84,4.84,4.3285714286,-17.32,17.32,13.8157142857,-260,-21.9178082192,-25.98,1.72,-82.65,50000000000
18:54:58,93.58,9/5/2015,0,0,0,0,0,8.82,85.3355636659,1903,86.9968143643,15677,88.1230550854,23.23,6.1,22719.29,-0.2,-0.224,-4.21,-4.12,8.66,8.474,-0.13,-0.076,0.03,0.58,-11.83,11.83,6.1757142857,9.94,9.94,5.4557142857,-2.24,2.24,16.0442857143,-255,-21.2328767123,-26.2,1.16,-111.7,50000000000
18:55:33,94.17,9/5/2015,0,0,0,0,0,10.57,86.3746958637,2230,87.9163046626,17876,88.8294419877,22.85,6.8,22787.01,-0.23,-0.244,-4.15,-4.038,8.64,8.292,0.08,-0.084,0.13,0.54,-15.16,15.16,7.3757142857,-0.88,0.88,5.4142857143,-12.78,12.78,17.2171428571,-252,-20.8219178082,-25.9,1.43,-75.58,50000000000
18:56:03,94.67,9/5/2015,0,0,0,0,0,5.4,81.4122060016,1265,83.5095086398,8773,83.813761351,21.96,6.1,22949.27,-0.22,-0.248,-4.06,-3.996,8.29,8.208,-0.24,-0.074,0.28,0.43,-1.8,1.8,7.4528571429,2.86,2.86,5.0857142857,-27.94,27.94,19.4785714286,-250,-20.5479452055,-25.94,1.54,-118.12,50000000000
18:56:38,95.25,9/5/2015,0,0,0,0,0,7.21,78.8980129765,1602,81.2795636644,12595,81.0567596586,21.44,7.4,23046.55,-0.33,-0.266,-3.86,-3.974,7.83,8.134,-0.14,-0.026,0.16,0.54,-0.81,0.81,8.3842857143,9.21,9.21,4.5485714286,-25.86,25.86,18.1385714286,-255,-21.2328767123,-25.81,2,-108.16,50000000000
18:57:08,95.75,9/5/2015,0,0,0,0,0,10.69,77.9602595296,2253,80.4517810599,18208,80.0367600226,21.43,9.4,23048.44,-0.26,-0.246,-3.7,-3.986,7.62,8.114,0.06,-0.072,0.16,0.53,-11.31,11.31,8.3085714286,-4.83,4.83,4.3385714286,-18.14,18.14,20.0757142857,-258,-21.6438356164,-26.4,0.99,-80.13,50000000000
18:57:43,96.33,9/5/2015,0,0,0,0,0,10.66,76.3635442011,2247,79.0303118062,17998,78.2621487022,20.77,10.1,23174.76,-0.29,-0.26,-4.1,-4,8.29,8.162,0.11,-0.076,0.12,0.53,-9.19,9.19,6.73,-3.04,3.04,4.3985714286,-32.07,32.07,20.0285714286,-251,-20.6849315068,-26.03,1.75,-69.6,50000000000
18:58:13,96.83,9/5/2015,0,0,0,0,0,8.88,75.7248580697,1915,78.4607587605,15719,77.809624332,20.1,9.4,23306.35,-0.13,-0.264,-4.21,-4.072,8.54,8.302,-0.15,-0.062,-0.11,0.58,-8.59,8.59,7.0485714286,-1.08,1.08,4.5628571429,-7.94,7.94,17.6728571429,-245,-19.8630136986,-25.71,0.78,-132.8,50000000000
18:58:48,97.42,9/5/2015,0,0,0,0,0,5.97,75.1064476886,1369,77.905685877,10312,77.1990803928,19.31,10.4,23466.16,-0.29,-0.262,-4.13,-4.098,8.53,8.346,-0.26,-0.054,0.18,0.5,-11.3,11.3,8.3014285714,-8.47,8.47,4.3614285714,-15.8,15.8,16.2685714286,-244,-19.7260273973,-26.41,1.46,-123.3,50000000000
18:59:18,97.92,9/5/2015,0,0,0,0,0,9.05,73.2714922952,1946,76.2742542716,15829,75.0959946134,19.27,12.3,23474.39,-0.35,-0.25,-4.22,-4.134,8.53,8.448,-0.07,-0.056,0.07,0.57,-4.11,4.11,7.4928571429,1.3,1.3,4.3185714286,-12.45,12.45,15.86,-240,-19.1780821918,-26.02,1.71,-100.75,50000000000
18:59:53,98.5,9/5/2015,0,0,0,0,0,10.53,73.1447688564,2222,76.1608263346,17941,74.6428636422,18.97,12.6,23536.57,-0.25,-0.288,-3.83,-4.034,7.84,8.286,0.1,-0.04,0.06,0.54,-4.03,4.03,7.9071428571,-4.01,4.01,5.5228571429,-11.45,11.45,12.3328571429,-229,-17.6712328767,-25.45,1.88,-68.22,50000000000
19:00:23,99,9/5/2015,0,0,0,0,0,10.79,73.2816301703,2270,76.2814943527,18004,74.7663069523,18.58,11.9,23618.61,-0.23,-0.264,-4.28,-4.06,8.8,8.314,0.1,-0.026,0.15,0.52,-9.58,9.58,8.1171428571,-7.8,7.8,5.87,-16.03,16.03,12.7428571429,-220,-16.4383561644,-26.01,1.22,-74.07,50000000000
19:00:58,99.58,9/5/2015,0,0,0,0,0,0.62,76.0999594485,373,78.7841490491,1203,77.661007079,18.05,11.2,23732.36,-0.32,-0.25,-3.71,-3.968,7.73,8.148,-0.07,-0.012,0.4,0.34,-5.65,5.65,7.7457142857,-4.53,4.53,5.3428571429,-15.28,15.28,12.4642857143,-224,-16.9863013699,-25.92,1.92,-97.7,50000000000
19:01:28,100.08,9/5/2015,0,0,0,0,0,5.5,76.0644768856,1286,78.7551887248,8933,77.7908197,17.51,11,23851.07,-0.17,-0.23,-4.26,-3.992,8.67,8.23,-0.19,-0.044,0.36,0.37,-12.09,12.09,8.1842857143,-11.47,11.47,5.8957142857,-7.38,7.38,11.2871428571,-234,-18.3561643836,-25.95,1.31,-110.76,50000000000
19:02:03,100.67,9/5/2015,0,0,0,0,0,8.72,75.9326845093,1885,78.636934067,14591,77.6637367837,17.37,11.2,23882.33,-0.28,-0.226,-3.76,-3.988,7.7,8.232,0,-0.078,0.27,0.47,-10.06,10.06,8.04,-3.51,3.51,5.7257142857,-10.81,10.81,12.9471428571,-243,-19.5890410959,-26.04,1,-89.73,50000000000
19:02:33,101.17,9/5/2015,0,0,0,0,0,7.24,74.50324412,1608,77.3650931557,12050,76.0953698143,16.89,10.8,23991.09,-0.15,-0.216,-3.95,-4.108,8.25,8.44,-0.06,-0.1,0.36,0.4,-8.7,8.7,8.5542857143,4.78,4.78,5.0671428571,-13.85,13.85,12.0228571429,-246,-20,-25.53,1.41,-96.64,50000000000
19:03:08,101.75,9/5/2015,0,0,0,0,0,9.27,72.2931873479,1988,75.3982044599,16338,73.7096079538,16.49,11.9,24083.64,-0.21,-0.23,-4.26,-4.096,8.81,8.42,-0.07,-0.114,0.05,0.57,-7.18,7.18,9.4228571429,-5.17,5.17,5.26,4.21,4.21,9.93,-247,-20.1369863014,-26.25,1.22,-100.36,50000000000
19:03:38,102.25,9/5/2015,0,0,0,0,0,8.17,73.1194241687,1781,76.136692731,14712,74.3498753435,15.94,13.6,24213.92,-0.27,-0.23,-4.31,-4.166,8.77,8.566,-0.18,-0.092,0.06,0.56,-3.02,3.02,9.2314285714,2.82,2.82,4.9314285714,-23.07,23.07,8.9971428571,-240,-19.1780821918,-26.35,1.49,-118.16,50000000000
19:04:13,102.83,9/5/2015,0,0,0,0,0,6.46,72.4706001622,1462,75.5598996042,10837,73.4302681783,15.49,14.8,24323.25,-0.24,-0.254,-4.2,-4.208,8.57,8.62,-0.26,-0.058,0.16,0.5,-13.18,13.18,7.8257142857,3.19,3.19,4.7628571429,-9.56,9.56,9.3085714286,-230,-17.8082191781,-26.19,1.43,-123.48,50000000000
19:04:43,103.33,9/5/2015,0,0,0,0,0,8.57,72.0042579075,1856,75.1448016218,14183,72.7372264988,15.24,15.3,24385.1,-0.28,-0.264,-4.11,-4.16,8.43,8.498,0.11,-0.028,0.3,0.43,-11.73,11.73,7.43,-5.88,5.88,4.1142857143,-0.63,0.63,7.5957142857,-232,-18.0821917808,-25.8,1.63,-75.84,50000000000
19:05:18,103.92,9/5/2015,0,0,0,0,0,10.84,72.0701540957,2280,75.2051356309,18283,72.8118384257,15.1,14.2,24420.1,-0.27,-0.266,-4.16,-4.082,8.52,8.348,0.11,-0.036,0.09,0.53,-10.75,10.75,7.1685714286,-9.17,9.17,4.0814285714,-0.85,0.85,7.4342857143,-217,-16.0273972603,-25.77,1.59,-69.54,50000000000
19:05:48,104.42,9/5/2015,0,0,0,0,0,10.96,72.2272911598,2302,75.3451105319,18317,72.9907857303,14.65,13.8,24534.4,-0.26,-0.28,-4.02,-4.114,8.2,8.394,0.08,0.026,0.15,0.52,-0.22,0.22,7.5414285714,2.33,2.33,4.0357142857,-12.99,12.99,4.6185714286,-205,-14.3835616438,-26.14,1.65,-76.35,50000000000
19:06:23,105,9/5/2015,0,0,0,0,0,7.14,74.0369018654,1590,76.9475818129,13023,74.9925691374,13.78,13.1,24763.69,-0.28,-0.292,-3.92,-4.096,8.02,8.364,-0.22,0.008,0.09,0.54,-5.93,5.93,6.5142857143,0.24,0.24,3.6342857143,1.86,1.86,4.4357142857,-193,-12.7397260274,-25.99,1.88,-122.87,50000000000
19:06:53,105.5,9/5/2015,0,0,0,0,0,10.43,73.4793187348,2204,76.4504295781,17789,74.7402231079,14.14,15.3,24667.42,-0.31,-0.292,-4.36,-4.094,8.8,8.332,0.05,-0.066,-0.01,0.56,-5.35,5.35,5.9128571429,-4.94,4.94,3.36,-3.08,3.08,6.6071428571,-191,-12.4657534247,-26.21,1.91,-75.05,50000000000
19:07:28,106.08,9/5/2015,0,0,0,0,0,7.84,70.1540957015,1720,73.4964764939,12827,71.4403134914,13.47,15.3,24848.23,-0.34,-0.304,-4.02,-4.168,8.28,8.488,0.02,-0.1,0.36,0.38,-5.63,5.63,5.5,-2.5,2.5,2.4357142857,-3.36,3.36,7.2242857143,-181,-11.095890411,-26.13,1.99,-87.47,50000000000
19:07:58,106.58,9/5/2015,0,0,0,0,0,4.52,69.9259935118,1100,73.2937542234,7853,71.1558176072,12.82,14.1,25030.73,-0.27,-0.308,-4.15,-4.19,8.36,8.55,-0.26,-0.062,0.23,0.46,-5.99,5.99,6.4285714286,0.38,0.38,2.1071428571,-8.28,8.28,5.9571428571,-183,-11.3698630137,-26.15,1.66,-121.71,50000000000
19:08:33,107.17,9/5/2015,0,0,0,0,0,7.6,68.3850364964,1675,71.9277922579,12423,69.7436504037,12.72,15.6,25059.47,-0.32,-0.31,-4.39,-4.116,8.98,8.442,-0.09,-0.04,0.38,0.36,-7.52,7.52,6.88,-3.96,3.96,2.4971428571,-15.83,15.83,6.5442857143,-187,-11.9178082192,-25.97,1.91,-99.42,50000000000
19:09:03,107.67,9/5/2015,0,0,0,0,0,7.77,69.9513381995,1707,73.3227145477,12797,71.637458827,12.35,15,25167.42,-0.3,-0.286,-4.03,-4.128,8.33,8.444,-0.03,-0.02,0.31,0.44,-7.86,7.86,39.53,-2.7,2.7,5.0185714286,-5.17,5.17,29.7714285714,-196,-13.1506849315,-25.7,1.67,-93.07,50000000000
19:09:33,108.17,9/5/2015,0,0,0,0,0,9.61,66.0431873479,2050,69.8498889854,15656,67.7806894627,12.07,14.4,25250.86,-0.32,-0.034,-3.99,-4.834,8.26,8.258,0.16,-0.054,0.23,0.45,-6.72,6.72,47.6528571429,0.03,0.03,34.7757142857,-4.12,4.12,40.3185714286,-192,-12.602739726,-25.87,1.78,-67.69,50000000000
19:10:08,108.75,9/5/2015,0,0,0,0,0,10.92,64.497161395,2295,68.4766869389,18250,66.5911448381,11.88,13.8,25308.38,-0.22,-0.282,-4.08,-4.958,8.29,8.308,0.12,-0.05,0.09,0.53,-9.09,9.09,49.0914285714,-2.97,2.97,47.5157142857,-5.97,5.97,39.6371428571,-176,-10.4109589041,-26.01,1.38,-66.91,50000000000
19:10:38,109.25,9/5/2015,0,0,0,0,0,0.93,60.5332522303,431,64.9555941693,1793,62.5505753611,13.43,12.8,24859.25,0.99,-0.144,-7.68,-5.572,7.43,8.484,-0.43,-0.078,0.2,0.37,233.9,233.9,78.4242857143,-22.59,22.59,51.5414285714,165.67,165.67,71.3471428571,-224,-16.9863013699,-28.24,2.84,-139.64,-50000000000
19:11:13,109.83,9/5/2015,0,0,0,0,0,9.07,61.75486618,1950,66.0416063327,15533,63.9867033054,16.67,14.4,24041.77,-1.56,-1.582,-5.01,-6.864,9.23,9.018,-0.07,-0.206,0.11,0.56,-62.49,62.49,87.5,-210.8,210.8,59.5442857143,-77.19,77.19,81.13,-273,-23.698630137,-30.73,6.66,-99.22,-50000000000
19:11:43,110.33,9/5/2015,0,0,0,0,0,7.62,56.949513382,1679,61.7723718506,13759,59.042904891,19.65,14.4,23396.75,0.39,-2.674,-7.1,-6.534,9.21,10.228,-0.17,-0.282,0.03,0.58,-16.06,16.06,95.7271428571,89.56,89.56,62.5228571429,-3.51,3.51,97.9,-304,-27.9452054795,-37.07,2.19,-112.49,-50000000000
19:12:18,110.92,9/5/2015,0,0,0,0,0,0.68,53.3353609084,384,58.5626025678,1170,55.5155198874,22.93,14.2,22772.68,-7.51,-2.756,-10.45,-5.792,10.93,10.382,-0.48,-0.26,0.28,0.2,-212.85,212.85,108.3828571429,-32.14,32.14,74.7071428571,237.8,237.8,111.2771428571,-336,-32.3287671233,-47.08,19.22,-144.88,-50000000000
19:12:48,111.42,9/5/2015,0,0,0,0,0,8.82,51.4497161395,1904,56.894970557,15400,53.5355741175,27.57,16.6,22003.28,-5.68,-2.17,-2.43,-4.464,14.34,9.126,-0.26,-0.262,-0.13,0.58,71.39,71.39,85.4385714286,-58.72,58.72,73.1057142857,-73.65,73.65,107.7528571429,-374,-37.5342465753,-8.69,8.03,165.73,-50000000000
19:13:23,112,9/5/2015,0,0,0,0,0,5.13,48.104217356,1215,53.9241239502,10056,50.2208027758,31.65,16.5,21409.14,0.58,-2.302,-3.97,-4.586,8.2,9.394,-0.32,-0.3,0.07,0.53,64.31,64.31,82.1371428571,-20.88,20.88,64.8757142857,-121.51,121.51,100.9585714286,-400,-41.095890411,-9.6,0.79,-156.5,-50000000000
19:13:53,112.5,9/5/2015,0,0,0,0,0,9.55,44.6674776967,2040,50.8688097307,17081,46.8195907869,36.55,16.9,20772.6,1.37,-0.716,1.63,-3.41,2.95,8.372,-0.08,-0.25,0.12,0.57,-97.68,97.68,93.7328571429,-88.26,88.26,61.3557142857,99.61,99.61,103.5614285714,-414,-43.0136986301,27.27,-34.7,158.06,-50000000000
19:14:28,113.08,9/5/2015,0,0,0,0,0,0.86,44.1757907543,417,50.4344048653,1467,46.6782527464,40.16,14.8,20346.54,-0.27,-0.616,-7.71,-3.89,10.55,8.178,-0.36,-0.21,0.4,0.16,73.29,73.29,67.8585714286,-11.38,11.38,72.91,141,141,101.4171428571,-425,-44.5205479452,-35.83,0.39,-127.39,-50000000000
19:14:58,113.58,9/5/2015,0,0,0,0,0,7.79,39.1828872668,1711,45.9986485182,14361,41.6789503376,46.5,15.5,19668.12,0.42,-1.166,-4.57,-4.004,5.82,8.034,-0.23,-0.134,-0.03,0.59,-39.38,39.38,60.58,-153.19,153.19,83.2028571429,29.63,29.63,109.8414285714,-444,-47.1232876712,-39.62,-12.25,-134.26,-50000000000
19:15:33,114.17,9/5/2015,0,0,0,0,0,3.14,42.1076642336,843,48.5978376291,4995,44.5748636664,52.25,15.6,19114.84,-5.18,-2.484,-4.83,-4.374,13.37,8.95,-0.06,-0.188,0.24,0.53,-97.23,97.23,64.3671428571,64.92,64.92,86.9142857143,-21.73,21.73,104.6485714286,-471,-50.8219178082,-30.73,13.16,-89.26,-50000000000
19:16:03,114.67,9/5/2015,0,0,0,0,0,9.55,39.7607461476,2040,46.5126942755,17758,42.4769339957,58.28,14.7,18585.28,-2.17,-2.03,-4.54,-4.28,7.48,8.89,0.06,-0.244,-0.3,0.52,31.73,31.73,73.8585714286,-113.02,113.02,92.9485714286,222.79,222.79,91.2514285714,-483,-52.4657534247,-33.38,13.9,-5.63,-50000000000
19:16:38,115.25,9/5/2015,0,0,0,0,0,0.95,36.4101784266,435,43.537020948,1489,38.8212528738,63.89,12.3,18131.06,-5.22,-2.234,-0.22,-4.892,7.53,10,-0.35,-0.322,0.4,0.19,-20.44,20.44,64.15,-130.77,130.77,103.0814285714,132.62,132.62,78.7085714286,-486,-52.8767123288,-33.39,13.37,-127.95,-50000000000
19:17:08,115.75,9/5/2015,0,0,0,0,0,0.71,40.8759124088,390,47.5069987451,1197,43.5830709784,70.85,11.6,17610.43,2,-0.288,-7.24,-4.748,10.25,8.468,-0.64,-0.35,0.01,0.22,90.82,90.82,70.0342857143,-46.86,46.86,95.9528571429,85.16,85.16,79.5942857143,-499,-54.6575342466,-30.92,-6.04,-169.52,-50000000000
19:17:43,116.33,9/5/2015,0,0,0,0,0,0.8,39.2335766423,409,46.0445023651,1325,41.8069431554,77.92,11.7,17122.37,-0.6,-0.156,-7.63,-5.76,11.37,9.872,-0.62,-0.404,0.1,0.2,-164.12,164.12,58.8042857143,130.5,130.5,87.8085714286,5.83,5.83,106.3428571429,-510,-56.1643835616,-32.29,6.64,-160.53,-50000000000
19:18:13,116.83,9/5/2015,0,0,0,0,0,1,37.2414841849,444,44.2706824983,1494,39.3371670519,85.72,11.7,16623.9,4.55,0.684,-4.11,-7.01,5.71,10.756,-0.2,-0.356,0.43,0.28,5.33,5.33,54.8257142857,82.31,82.31,79.3914285714,-53.2,53.2,75.7557142857,-527,-58.4931506849,-20.43,-19.75,-114.02,-50000000000
19:18:48,117.42,9/5/2015,0,0,0,0,0,0.99,32.9227493917,441,40.4334395212,1583,34.6187209211,92.96,10.6,16193.08,-1.51,-0.04,-9.6,-6.888,14.5,11.192,-0.21,-0.23,0.47,0.15,-80.57,80.57,62.7371428571,103.29,103.29,69.4228571429,35.83,35.83,64.6742857143,-528,-58.6301369863,-34.97,4.18,-113.83,-50000000000
19:19:18,117.92,9/5/2015,0,0,0,0,0,8.64,33.0444038929,1870,40.5444540979,15190,34.7012186615,103.34,12.1,15620.53,-1.02,-0.194,-6.47,-6.422,11.95,11.37,-0.11,-0.058,-0.1,0.61,18.62,18.62,63.6071428571,-7.91,7.91,71.5057142857,-208.97,208.97,55.8028571429,-523,-57.9452054795,-27.86,7.24,-101.21,-50000000000
19:19:53,118.5,9/5/2015,0,0,0,0,0,1.07,29.6938361719,457,37.5687807703,1767,30.923610732,111.49,10.9,15202.79,-1.62,-0.626,-6.63,-7.066,12.43,12.326,-0.01,-0.002,0.52,0.06,3.88,3.88,44.7985714286,54.1,54.1,74.8542857143,-8.68,8.68,67.6557142857,-531,-59.0410958904,-24.04,5.49,-92.63,-50000000000
19:20:23,119,9/5/2015,0,0,0,0,0,6.7,32.6236820762,1508,40.172796602,11341,34.0867318156,121.15,11.2,14738.55,-1.37,-0.488,-5.3,-6.536,12.26,11.696,0.24,0.002,0.2,0.46,75.82,75.82,49.2657142857,60.99,60.99,81.0157142857,-55.05,55.05,71.5057142857,-525,-58.2191780822,-27.18,8.21,-53.76,-50000000000
19:20:58,119.58,9/5/2015,0,0,0,0,0,4.44,29.0399432279,1086,36.9871609229,8616,30.195082892,129.97,9.1,14340.16,2.39,-0.3,-7.33,-6.592,10.49,11.352,0.08,0.026,0.4,0.35,96.91,96.91,44.22,61.44,61.44,82.8242857143,23.06,23.06,78.9742857143,-520,-57.5342465753,-27.01,-12.92,-83.98,-50000000000
19:21:28,120.08,9/5/2015,0,0,0,0,0,1.01,29.6127331711,446,37.4939665991,1706,30.9496945764,140.65,9.5,13886.06,-0.82,-0.08,-6.95,-6.382,11.35,10.854,-0.19,-0.006,0.48,0.1,-32.46,32.46,46.9,153.94,153.94,100.34,-88.8,88.8,59.3042857143,-530,-58.904109589,-32.27,3.55,-113.4,-50000000000
19:22:03,120.67,9/5/2015,0,0,0,0,0,9.49,33.3840227088,2029,40.8461241433,16870,35.1124941615,151.95,10.5,13435.05,-0.08,0.194,-6.75,-6.594,10.23,10.432,0.01,-0.104,0.44,0.29,-36.6,36.6,52.76,125.44,125.44,111.0014285714,-80.15,80.15,66.32,-521,-57.6712328767,-30.86,2.8,-88.89,-50000000000
19:22:33,121.17,9/5/2015,0,0,0,0,0,5.58,33.5766423358,1298,41.0102326479,9544,35.253832202,162.6,9.8,13034.19,-0.52,-0.348,-5.58,-6.274,9.94,10.292,-0.17,-0.194,0.5,0.05,-45.25,45.25,46.3871428571,115.95,115.95,120.23,-88.11,88.11,69.7614285714,-522,-57.8082191781,-32.18,-0.33,-112.05,-50000000000
19:23:08,121.75,9/5/2015,0,0,0,0,0,1.2,37.5202757502,480,44.5120185346,1913,39.6195398325,173.24,8.5,12654.42,0,-0.324,-6.36,-6.05,10.15,10.172,-0.25,-0.22,0.36,0.37,-37.38,37.38,40.4385714286,130.52,130.52,128.4657142857,-71.28,71.28,78.6028571429,-519,-57.397260274,-30.14,1.08,-116.78,-50000000000
19:23:38,122.25,9/5/2015,0,0,0,0,0,1.03,41.1192214112,450,47.7121343759,1524,43.2746143534,184.84,7.8,12261.32,-0.32,-0.416,-5.73,-5.84,9.79,10.188,-0.37,-0.242,0.32,0.32,-44.9,44.9,43.4814285714,128.73,128.73,125.3371428571,-57.79,57.79,76.4142857143,-512,-56.4383561644,-30.15,2.66,-130.01,-50000000000
19:24:13,122.83,9/5/2015,0,0,0,0,0,1.1,40.9316707218,463,47.5456125109,1739,42.9152032417,195.94,6.1,11903.44,-0.7,-0.242,-5.83,-6.17,10.75,10.314,-0.32,-0.196,0.43,0.14,-31.21,31.21,44.3485714286,125.59,125.59,123.65,-79.14,79.14,75.1971428571,-500,-54.7945205479,-27.58,3.51,-126.55,-50000000000
19:24:43,123.33,9/5/2015,0,0,0,0,0,1.18,42.9085563666,478,49.3025388551,1906,44.7201446137,210.8,7.9,11449.19,-0.54,-0.256,-5.7,-6.092,10.31,10.29,-0.1,-0.17,0.51,0.08,-55.27,55.27,44.11,119.09,119.09,126.3171428571,-84.95,84.95,72.59,-487,-53.0136986301,-34.46,-1.62,-101.1,-50000000000
19:25:18,123.92,9/5/2015,0,0,0,0,0,8.92,44.302514193,1922,50.5405927213,15424,46.3746489297,223.96,7.5,11068.08,0.35,-0.064,-7.23,-6.228,10.57,10.386,0.06,-0.142,0.5,0.16,-53.76,53.76,51.4057142857,132.04,132.04,128.0428571429,-73.48,73.48,66.9028571429,-476,-51.5068493151,-30.87,2.78,-83.97,-50000000000
19:25:48,124.42,9/5/2015,0,0,0,0,0,2.48,45.7927818329,720,51.8631142002,4927,47.5566110414,236.5,6.5,10721.44,-0.07,-0.046,-5.97,-6.202,10.03,10.528,-0.12,-0.11,0.51,0.04,-42.67,42.67,45.1457142857,113.63,113.63,119.1171428571,-71.63,71.63,66.0471428571,-464,-49.8630136986,-32.18,-2.23,-104.58,-50000000000
19:26:23,125,9/5/2015,0,0,0,0,0,2.08,45.9448499594,645,51.9958490202,3977,47.7631586929,249.59,5.7,10375.12,0.64,0.276,-6.41,-6.264,10.27,10.252,-0.23,-0.142,0.48,0.07,-43.58,43.58,41.2471428571,134.62,134.62,103.9557142857,-69.86,69.86,66.5442857143,-449,-47.8082191781,-31.03,-3.03,-115.93,-50000000000
19:26:53,125.5,9/5/2015,0,0,0,0,0,8.15,43.6688969992,1779,49.973453036,14922,45.1338465178,262.33,4.5,10051.91,-0.61,0.454,-5.7,-6.3,11.46,10.416,-0.16,-0.246,0.23,0.51,-88.45,88.45,44.0928571429,142.6,142.6,91.4557142857,31.47,31.47,69.12,-432,-45.4794520548,-28.13,5.59,-101.41,-50000000000
19:27:28,126.08,9/5/2015,0,0,0,0,0,1.18,43.8564476886,477,50.1399749011,1791,45.2478875119,273.52,2.3,9778.34,1.07,0.272,-6.01,-6.444,8.93,10.912,-0.26,-0.2,0.4,0.29,-1.08,1.08,44.3957142857,66.25,66.25,82.4671428571,-51.8,51.8,60.4842857143,-427,-44.7945205479,-24.61,-0.36,-118.26,-50000000000
19:27:58,126.58,9/5/2015,43.9122,-78.2326,37.8,56.56,8009.9,8.78,48.3069748581,1895,54.0978858963,15888,49.869580778,289.38,2.3,9405.73,1.24,0.2,-7.41,-6.722,11.39,10.946,-0.46,-0.222,-0.16,0.48,-3.92,3.92,51.0357142857,19.46,19.46,71.7971428571,82.62,82.62,56.1,-405,-41.7808219178,-29.07,1.86,-167.74,-50000000000
19:28:33,127.17,9/5/2015,43.9144,-78.2267,40.29,66.4,8009.9,8.09,52.3063665856,1767,57.6503523506,13634,53.9550387315,302.51,0.1,9109.57,-0.98,0.188,-6.69,-6.83,12.51,11.082,0.11,-0.142,0.03,0.56,-75.19,75.19,47.1157142857,-31.59,31.59,57.6357142857,102.98,102.98,64.0242857143,-383,-38.7671232877,-27.8,1.36,-67.19,-50000000000
19:29:03,127.67,9/5/2015,43.9164,-78.2191,41.92,59.46,8009.9,8.27,53.5026358475,1801,58.70981755,14005,55.1664209932,315.14,-0.8,8834.36,0.28,0.118,-7.8,-6.38,10.44,10.944,-0.34,-0.102,0.37,0.27,55.88,55.88,43.4071428571,-69.12,69.12,40.6385714286,13.03,13.03,65.3057142857,-363,-36.0273972603,-36.4,-1.6,-126.73,-50000000000
19:29:38,128.25,9/5/2015,43.9183,-78.2104,46.86,68.51,8009.9,4.97,54.6887672344,1185,59.7620426682,7718,56.349596307,328.92,-1.8,8544.09,-0.67,-0.222,-6.24,-5.948,12.14,11.03,0.24,0,0.09,0.49,-89.15,89.15,59.6628571429,38.94,38.94,33.2085714286,40.94,40.94,73.3214285714,-350,-34.2465753425,-28.09,2.87,-49.01,-50000000000
19:30:08,128.75,9/5/2015,43.9196,-78.203,48.24,71.21,8009.9,9.45,52.3671938362,2021,57.6986195579,16796,53.8573759653,342.59,-3,8265.7,0.72,-0.2,-3.76,-5.526,8.24,10.47,-0.06,0.022,-0.26,0.56,16.14,16.14,71.7042857143,-35.49,35.49,35.4414285714,125.33,125.33,78.38,-335,-32.1917808219,-26.04,-6.3,-178.11,-50000000000
19:30:43,129.33,9/5/2015,43.9215,-78.195,49.21,70,8009.9,7.38,55.8242092457,1634,60.7708272999,12513,57.2710232753,355.94,-3.3,8002.39,-0.46,-0.456,-5.25,-5.156,11.82,10.666,0.05,0.15,0.01,0.58,-62.49,62.49,72.5171428571,23.62,23.62,34.5,40.44,40.44,74.7657142857,-325,-30.8219178082,-22.97,3.04,-71.13,-50000000000
19:31:13,129.83,9/5/2015,43.9229,-78.1878,45.94,74.86,8009.9,1.31,58.6577453366,501,63.2903755189,2387,60.024082061,370.71,-3.9,7720.22,-0.87,-0.48,-4.58,-4.806,9.71,10.236,0.22,0.126,0.16,0.47,-114.87,114.87,78.7571428571,-14.24,14.24,25.8142857143,107.91,107.91,88.7242857143,-313,-29.1780821918,-29.22,2.25,-58.13,-50000000000
19:31:48,130.42,9/5/2015,43.9243,-78.18,35.46,74.52,8009.9,5,55.2716950527,1191,60.2809151462,8201,56.1636730906,387.31,-4.5,7413.76,-1,-0.926,-5.95,-5.178,11.42,10.838,0.3,0.212,0.11,0.44,-88.21,88.21,79.7285714286,35.09,35.09,20.7542857143,118.03,118.03,95.85,-303,-27.8082191781,-28.33,4.56,-41.61,-50000000000
19:32:18,130.92,9/5/2015,43.9254,-78.174,32.89,77.41,8009.9,5.95,56.5845498783,1367,61.4465682016,9920,57.4129679169,403.89,-5.1,7118.11,-0.79,-1.058,-4.49,-5.252,9.99,10.732,0.12,0.226,0.1,0.54,-80.88,80.88,90.9085714286,-25,25,17.2628571429,77.68,77.68,94.4442857143,-291,-26.1643835616,-30.04,3.52,-68.45,-50000000000
19:32:53,131.5,9/5/2015,43.9269,-78.1675,28.62,71.73,8009.9,9.98,54.795214923,2120,59.8561637224,17151,55.1937180397,420.81,-5.3,6826.36,-1.51,-1.154,-5.62,-5.494,11.25,10.932,0.37,0.24,-0.18,0.35,-99.56,99.56,93.4728571429,8.32,8.32,14.1285714286,110.74,110.74,103.4842857143,-276,-24.1095890411,-27.76,4.84,-0.5,-50000000000
19:33:23,132,9/5/2015,43.9282,-78.1625,27.93,71.1,8009.9,8.92,53.7510137875,1922,58.9270199826,14994,54.152184067,437.8,-5.6,6542.81,-1.12,-1.116,-5.62,-5.486,11.29,10.836,0.12,0.236,-0.08,0.55,-95.95,95.95,88.5471428571,3.52,3.52,16.2785714286,90.82,90.82,104.74,-261,-22.0547945205,-26.66,4.83,-48.71,-50000000000
19:33:58,132.58,9/5/2015,43.9302,-78.1575,24.25,55.29,8009.9,3.46,52.696674777,902,57.9906361618,5733,53.0903289597,455.53,-5.2,6256.25,-1.35,-1.192,-5.79,-5.668,10.71,11.064,0.29,0.256,0.16,0.43,-94.4,94.4,88.6685714286,-11.05,11.05,11.5485714286,115.49,115.49,106.6842857143,-250,-20.5479452055,-27.54,6.83,-47,-50000000000
19:34:28,133.08,9/5/2015,43.9321,-78.1544,20.76,50.77,8009.9,3.52,51.0543390105,914,56.5281397818,5807,51.5441029281,473,-5,5982.6,-0.81,-1.15,-5.91,-5.82,10.94,11.102,0.28,0.254,0.16,0.43,-80.44,80.44,90.0671428571,-1.68,1.68,11.3414285714,103.72,103.72,113.03,-241,-19.3150684932,-27.8,4.57,-47.82,-50000000000
19:35:03,133.67,9/5/2015,43.9339,-78.1499,29.13,71.72,8009.9,4.34,50.0557583131,1067,55.6400231683,7207,50.2320248949,491.02,-4.8,5708.78,-1.17,-1.138,-5.4,-5.686,11.13,10.866,0.22,0.316,0.14,0.47,-80.39,80.39,87.9928571429,29.29,29.29,12.5614285714,116.7,116.7,104.1985714286,-227,-17.397260274,-25.6,5.37,-51.6,-50000000000
19:35:33,134.17,9/5/2015,43.9356,-78.1452,23.31,60.26,8009.9,9.3,51.2621654501,1993,56.7139685298,16182,51.5647273632,509.41,-4.5,5437.6,-1.3,-0.964,-6.38,-5.914,11.44,10.96,0.36,0.266,-0.16,0.36,-89.06,89.06,88.0214285714,-1.98,1.98,13.3085714286,131.64,131.64,110.4114285714,-217,-16.0273972603,-28.11,6.09,-4.43,-50000000000
19:36:08,134.75,9/5/2015,43.9378,-78.14,27.27,58.92,8009.9,7.67,55.6467964315,1689,60.611545516,13054,55.8218534088,527.96,-4,5171.97,-1.06,-0.976,-4.95,-5.874,10.11,10.794,0.43,0.262,-0.07,0.3,-90.67,90.67,90.25,-23.55,23.55,12.7714285714,122.1,122.1,105.5428571429,-204,-14.2465753425,-26.4,7.08,-8.52,-50000000000
19:36:38,135.25,9/5/2015,43.9396,-78.1349,28.19,64.79,8009.9,1.47,58.2319545823,532,62.9066512212,2194,58.4457061746,545.74,-3.4,4924.37,-0.48,-1.092,-6.93,-5.98,11.18,10.83,0.04,0.248,-0.06,0.57,-85.04,85.04,92.1528571429,-16.86,16.86,12.8514285714,48.92,48.92,110.8571428571,-195,-13.0136986301,-31.06,1.88,-77.09,-50000000000
19:37:13,135.83,9/5/2015,43.9416,-78.1303,23.98,57.18,8009.9,3.77,60.1682887267,960,64.62737716,5910,60.3753040588,564.11,-2.7,4675.33,-0.87,-1.178,-5.71,-5.772,10.11,10.702,0.26,0.262,0.1,0.46,-96.15,96.15,91.2385714286,-8.75,8.75,9.2642857143,134.31,134.31,107.17,-187,-11.9178082192,-28.65,4.44,-47.11,-50000000000
19:37:43,136.33,9/5/2015,43.9435,-78.1263,26.63,49.33,8009.9,5.25,56.1182076237,1236,61.0290568588,8571,55.9995875113,583.15,-2.2,4424.03,-1.75,-1.11,-5.93,-5.912,11.31,10.84,0.15,0.252,0.1,0.52,-110,110,89.9242857143,7.29,7.29,9.1257142857,81.41,81.41,99.74,-179,-10.8219178082,-28.76,5.91,-60.11,-50000000000
19:38:13,136.83,9/5/2015,43.9456,-78.1234,16.99,37.28,8009.9,6.03,53.3252230333,1382,58.5457090453,10200,53.0879025556,603.11,-1.5,4167.63,-1.73,-1.166,-5.34,-5.534,10.8,10.71,0.43,0.32,-0.06,0.3,-93.76,93.76,88.8342857143,2.24,2.24,10.2371428571,140.92,140.92,98.6528571429,-170,-9.5890410959,-25.92,7.48,-9.95,-50000000000
19:38:48,137.42,9/5/2015,43.948,-78.1207,18.42,50.93,8009.9,6.19,56.2804136253,1413,61.1714451202,10504,56.0826918527,623.56,-0.7,3911.97,-0.72,-1.122,-5.65,-5.566,10.8,10.862,0.38,0.344,0,0.37,-73.99,73.99,91.8442857143,4.18,4.18,8.8442857143,90.89,90.89,105.1628571429,-157,-7.8082191781,-30.21,1.37,-24.84,-50000000000
19:39:18,137.92,9/5/2015,43.9498,-78.1174,21.1,54.52,8009.9,1.73,55.7126926196,579,60.664639444,2620,55.2404263192,644.03,0,3662.76,-0.76,-1.07,-5.04,-5.532,10.53,10.736,0.38,0.39,-0.15,0.34,-79.86,79.86,90.07,1.01,1.01,11.7042857143,79.63,79.63,104.1857142857,-144,-6.0273972603,-26.42,4.29,-3.28,-50000000000
19:39:53,138.5,9/5/2015,43.9524,-78.1128,23.23,55.02,8009.9,7.48,54.3288726683,1653,59.4362390192,12470,53.7321128521,664.73,0.8,3417.2,-0.65,-1.072,-5.87,-5.678,10.87,10.778,0.38,0.344,-0.1,0.35,-83.04,83.04,88.9414285714,31.33,31.33,10.9842857143,114.49,114.49,108.89,-134,-4.6575342466,-26.13,5,-8.03,-50000000000
19:40:23,139,9/5/2015,43.9546,-78.1086,25.01,55.13,8009.9,9.76,54.4555961071,2079,59.5472535959,16907,53.5331477134,685.6,1.6,3175.8,-1.49,-1.286,-5.76,-5.642,10.68,10.87,0.38,0.32,-0.16,0.33,-106.11,106.11,89.3928571429,-7.11,7.11,12.1685714286,94.49,94.49,105.6971428571,-120,-2.7397260274,-29.26,6.53,-3.22,-50000000000
19:40:58,139.58,9/5/2015,43.9577,-78.1043,27.41,45.33,8009.9,9.96,51.4193025142,2116,56.8467033497,16423,50.298447708,706.4,2.3,2941.07,-1.74,-1.434,-6.07,-6.044,11.01,11.164,0.2,0.29,-0.17,0.48,-83.73,83.73,93.59,-28.77,28.77,11.91,127.47,127.47,108.6571428571,-109,-1.2328767123,-27.04,6.29,-15.8,-50000000000
19:41:28,140.08,9/5/2015,43.9608,-78.1012,24.72,37.22,8009.9,10.1,55.4592457421,2142,60.4329568491,16852,54.2962518122,727.66,3.1,2706.86,-1.79,-1.538,-5.47,-6.116,11.26,11.33,0.26,0.298,-0.21,0.42,-102.1,102.1,94.2557142857,2.25,2.25,11.8114285714,114.34,114.34,113.6714285714,-98,0.2739726027,-29.11,6.48,-3.28,-50000000000
19:42:03,140.67,9/5/2015,43.9642,-78.0973,26.21,45.46,8009.9,9.77,57.7199918897,2080,62.4432860315,16282,56.5173214925,749.43,3.9,2472.7,-1.5,-1.464,-7.05,-6.072,12,11.286,0.23,0.298,-0.22,0.44,-96.92,96.92,96.5157142857,10.53,10.53,9.7514285714,118.57,118.57,117.5557142857,-87,1.7808219178,-29.64,4.57,-5.11,-50000000000
19:42:33,141.17,9/5/2015,43.967,-78.0937,25.96,45.47,8009.9,1.99,55.9762773723,629,60.8963220388,2724,54.6896325818,771.82,4.9,2237.56,-1.17,-1.582,-6.23,-6.004,11.7,11.35,0.42,0.328,-0.08,0.3,-103.37,103.37,93.8014285714,2.37,2.37,10.13,111.61,111.61,122.4542857143,-74,3.5616438356,-30.86,8.1,-9.93,-50000000000
19:43:08,141.75,9/5/2015,43.9701,-78.0892,26.02,43.6,8009.9,3.41,55.0233171127,893,60.0516459118,5394,53.8394812348,794.36,5.9,2006.35,-1.12,-1.606,-5.54,-6.164,10.46,11.482,0.38,0.286,0.1,0.34,-84.52,84.52,94.5585714286,-0.32,0.32,6.0471428571,114.73,114.73,118.2528571429,-58,5.7534246575,-27.61,5.94,-30.92,-50000000000
19:43:38,142.25,9/5/2015,43.9727,-78.0852,27.54,51.98,8009.9,9.29,53.948702352,1990,59.095955208,15607,52.8507215519,816.5,6.8,1784.36,-2.33,-1.574,-5.73,-5.848,11.33,11.214,0.35,0.292,-0.18,0.35,-98.86,98.86,91.9471428571,-16.91,16.91,7.7771428571,141.68,141.68,114.8314285714,-42,7.9452054795,-29.24,6.11,-3.7,-50000000000
19:44:13,142.83,9/5/2015,43.9756,-78.0809,25.86,46.21,8009.9,2.4,55.1399026764,704,60.1578337677,3030,54.2513633358,838.82,7.8,1565.44,-1.91,-1.548,-6.27,-5.776,11.92,11.054,0.05,0.24,-0.1,0.55,-87.11,87.11,92.3985714286,9.76,9.76,8.0714285714,128.78,128.78,113.0128571429,-28,9.8630136986,-28.77,6.91,-59.32,-50000000000
19:44:43,143.33,9/5/2015,43.9777,-78.0775,21.64,46.75,8009.9,1.61,53.4063260341,558,58.6181098562,2234,52.6426573978,862.45,9.3,1338.76,-1.34,-1.628,-5.47,-5.78,10.66,11.11,0.26,0.226,0.17,0.41,-89.03,89.03,88.0542857143,-0.19,0.19,9.2957142857,98.06,98.06,113.6728571429,-14,11.7808219178,-26.93,6.05,-48.68,-50000000000
19:45:18,143.92,9/5/2015,43.9798,-78.0737,23.01,52.47,8009.9,9.55,50.5170316302,2039,56.0478810696,15526,49.6812311575,885.43,10.3,1123.08,-1.04,-1.43,-5.87,-5.75,10.9,11,0.16,0.186,-0.21,0.48,-83.82,83.82,86.4857142857,14.36,14.36,12.8314285714,90.39,90.39,112.9728571429,0,13.698630137,-27.28,5.21,-11.04,-50000000000
19:45:48,144.42,9/5/2015,43.9819,-78.0708,19.56,38.44,8009.9,1.68,47.5263584753,570,53.39077131,2389,46.8669056675,909.34,11.8,903.44,-1.52,-1.404,-5.56,-5.562,10.74,10.78,0.31,0.248,0.19,0.37,-100.08,100.08,87.5957142857,-12.59,12.59,14.5971428571,105.84,105.84,112.9957142857,15,15.7534246575,-28.25,6.53,-44.55,-50000000000
19:46:23,145,9/5/2015,43.9845,-78.0679,19.38,38.01,8009.9,9.44,44.4596512571,2018,50.6660874602,15375,43.9188246498,932.82,12.7,692.25,-1.34,-1.528,-5.58,-5.708,10.78,10.842,0.15,0.238,-0.25,0.47,-72.96,72.96,75.3471428571,10.94,10.94,13.2957142857,116.23,116.23,94.9828571429,28,17.5342465753,-28.24,6.2,-2.53,-50000000000
19:46:53,145.5,9/5/2015,43.9861,-78.0669,3.34,6.19,8009.9,8.23,41.5652879157,1793,48.0934453133,13233,41.1448381285,957.28,14.2,476.77,-1.78,-3.304,-5.33,-3.93,10.82,8.534,0.36,0.29,-0.15,0.34,-73.54,73.54,62.7185714286,25.07,25.07,13.3457142857,109.83,109.83,81.1257142857,32,18.0821917808,-27.94,7.13,-4.57,-50000000000
19:47:28,146.08,9/5/2015,43.9868,-78.0681,9.48,264.12,8009.9,1.81,42.6196269262,595,49.0274157737,2545,42.4833033066,982.18,15.5,261.95,-1.96,-5.016,-6.2,-2.306,10.97,6.24,0.21,0.314,0.14,0.46,-106.63,106.63,50.7971428571,-29.27,29.27,11.3871428571,141.84,141.84,68.28,31,17.9452054795,-30.72,8.8,-54.25,-50000000000
19:47:58,146.58,9/5/2015,43.9871,-78.0693,0.04,296.09,8009.9,4.15,42.949107867,1032,49.3194323776,7397,42.9995207852,1000.18,16.6,109.39,-9.92,-6.776,3.02,-0.724,-0.64,3.92,0.42,0.372,-0.26,-0.17,-1.37,1.37,36.5542857143,-0.65,0.65,9.6528571429,-2.69,2.69,53.1785714286,52,20.8219178082,105.68,71.8,-105.23,-50000000000
19:48:33,147.17,9/5/2015,43.9871,-78.0692,0.03,296.09,8009.9,4.07,40.298053528,1017,46.9639926634,7244,40.4172201901,1000.23,17.1,108.97,-10.08,-8.466,2.56,0.784,-0.73,1.586,0.43,0.388,-0.23,-0.17,-0.63,0.63,26.1414285714,-0.54,0.54,8.0985714286,-1.06,1.06,36.5785714286,90,26.0273972603,109.25,74.9,-99.96,-50000000000
19:49:03,147.67,9/5/2015,43.9871,-78.0692,0.05,296.09,8009.9,4.08,41.1496350365,1019,47.7217878174,7238,41.6631787107,1000.22,17.7,109.05,-10.14,-10.124,2.33,2.438,-0.82,-0.778,0.44,0.434,-0.22,-0.18,-0.37,0.37,15.7057142857,-0.65,0.65,4.6185714286,-0.47,0.47,20.9242857143,120,30.1369863014,110.03,76.26,-99.67,-50000000000
19:49:38,148.25,9/5/2015,43.9871,-78.0692,0,296.09,8009.9,4.06,42.4067315491,1015,48.836760305,7166,43.1535974474,1000.24,18.4,108.89,-10.23,-10.196,2.21,2.238,-0.85,-0.832,0.44,0.438,-0.21,-0.18,0.38,0.38,0.6,-0.45,0.45,0.4828571429,-0.13,0.13,0.6657142857,139,32.7397260274,111.05,76.97,-97.83,-50000000000
19:50:08,148.75,9/5/2015,43.9871,-78.0692,0,296.09,8009.9,4.06,39.6289537713,1014,46.3703060141,7143,40.6089061164,1000.28,19.1,108.55,-10.25,-10.234,2.07,2.12,-0.85,-0.862,0.44,0.442,-0.21,-0.18,-0.07,0.07,0.4042857143,0.06,0.06,0.46,-0.03,0.03,0.3457142857,153,34.6575342466,112.51,77.53,-96.03,-50000000000
19:50:43,149.33,9/5/2015,43.9871,-78.0692,0.58,296.09,8009.9,4.06,40.8404298459,1015,47.446664736,7144,42.0474604648,1000.21,19.7,109.14,-10.28,-10.266,2.02,2.044,-0.91,-0.884,0.44,0.444,-0.2,-0.18,0.49,0.49,0.4185714286,-0.71,0.71,0.4328571429,0.25,0.25,0.2614285714,152,34.5205479452,111.82,78.06,-95.78,-50000000000
19:51:13,149.83,9/5/2015,43.9871,-78.0692,0,296.09,8009.9,4.05,38.1234793187,1013,45.0357177334,7132,39.5600929313,1000.31,20.4,108.3,-10.27,-10.278,1.97,1.982,-0.88,-0.882,0.45,0.446,-0.2,-0.18,0.89,0.89,0.48,-0.32,0.32,0.4457142857,0.03,0.03,0.2742857143,153,34.6575342466,113.08,78.25,-94.95,-50000000000
19:51:48,150.42,9/5/2015,43.9871,-78.0692,0,296.09,8009.9,4.06,36.0249391727,1014,43.1750168935,7136,37.7296743159,1000.26,21,108.72,-10.3,-10.29,1.95,1.944,-0.93,-0.89,0.45,0.448,-0.2,-0.18,0,0,0.5257142857,-0.49,0.49,0.39,0.45,0.45,0.3114285714,159,35.4794520548,111.69,78.49,-96.69,-50000000000
19:52:18,150.92,9/5/2015,43.9871,-78.0692,0,296.09,8009.9,4.07,37.1654501217,1016,44.188628246,7137,39.1187906802,1000.29,21.6,108.47,-10.29,-10.298,1.9,1.912,-0.84,-0.892,0.45,0.45,-0.2,-0.18,0.73,0.73,0.6414285714,0.35,0.35,0.4071428571,0.47,0.47,0.3828571429,163,36.0273972603,113.16,78.66,-94.65,-50000000000
19:52:53,151.5,9/5/2015,43.9871,-78.0692,0,296.09,8009.9,4.06,37.1299675588,1014,44.1548412009,7096,39.0447853542,1000.34,22.2,108.05,-10.31,-10.308,1.88,1.884,-0.89,-0.9,0.45,0.45,-0.2,-0.18,0.8,0.8,0.63,-0.74,0.74,0.4014285714,0.56,0.56,0.4742857143,164,36.1643835616,113.85,78.68,-92.49,-50000000000
19:53:23,152,9/5/2015,43.9871,-78.0692,0,296.09,8009.9,4.06,37.1553122466,1014,44.1741480838,7093,39.0429655511,1000.37,22.8,107.79,-10.32,-10.31,1.86,1.856,-0.92,-0.896,0.45,0.45,-0.19,-0.18,0.7,0.7,0.6057142857,0.06,0.06,0.36,0.39,0.39,0.52,169,36.8493150685,115.12,78.77,-91.8,-50000000000
19:53:58,152.58,9/5/2015,43.9871,-78.0692,0,296.09,8009.9,4.08,37.150243309,1018,44.1669080027,7138,39.0168817067,1000.33,23.4,108.13,-10.32,-10.32,1.83,1.828,-0.92,-0.904,0.45,0.45,-0.19,-0.18,0.88,0.88,0.7542857143,-0.18,0.18,0.32,0.53,0.53,0.52,171,37.1232876712,115.27,78.9,-91.23,-50000000000
19:54:28,153.08,9/5/2015,43.9871,-78.0692,0,296.09,8009.9,4.09,37.1603811841,1020,44.1765614442,7148,39.0180949088,1000.32,24,108.21,-10.31,-10.32,1.81,1.808,-0.91,-0.922,0.45,0.45,-0.19,-0.18,0.41,0.41,0.74,0.67,0.67,0.3128571429,0.89,0.89,0.5685714286,172,37.2602739726,115.86,78.85,-90.78,-50000000000
19:55:03,153.67,9/5/2015,43.9871,-78.0692,0,296.09,8009.9,4.07,37.1705190592,1017,44.188628246,7136,39.0247675202,1000.3,24.5,108.38,-10.34,-10.318,1.76,1.788,-0.88,-0.92,0.45,0.45,-0.19,-0.18,0.72,0.72,0.68,0.03,0.03,0.2342857143,0.35,0.35,0.5757142857,170,36.9863013699,117.11,79.05,-89.77,-50000000000
19:55:33,154.17,9/5/2015,43.9871,-78.0692,0,296.09,8009.9,4.07,37.1755879968,1016,44.1910416063,7132,39.0159718052,1000.36,25.1,107.88,-10.31,-10.324,1.78,1.768,-0.98,-0.92,0.45,0.45,-0.19,-0.18,1.04,1.04,0.6342857143,0.21,0.21,0.25,0.45,0.45,0.5785714286,163,36.0273972603,116.69,79.17,-89.61,-50000000000
19:56:08,154.75,9/5/2015,43.9871,-78.0692,0,296.09,8009.9,4.08,37.1806569343,1019,44.1934549667,7174,39.002929883,1000.32,25.6,108.21,-10.31,-10.33,1.76,1.75,-0.91,-0.918,0.45,0.45,-0.19,-0.18,0.63,0.63,0.5985714286,-0.3,0.3,0.2714285714,0.81,0.81,0.56,162,35.8904109589,117.89,79.17,-88.87,-50000000000
19:56:38,155.25,9/5/2015,43.9871,-78.0692,0,296.09,8009.9,4.09,37.2110705596,1022,44.2200019307,7198,39.0190048103,1000.31,26.1,108.3,-10.35,-10.326,1.73,1.742,-0.92,-0.932,0.45,0.45,-0.19,-0.18,0.38,0.38,0.6542857143,0.19,0.19,0.2085714286,0.61,0.61,0.5028571429,163,36.0273972603,116.42,79.28,-89.88,-50000000000
19:57:13,155.83,9/5/2015,43.9871,-78.0692,0,296.09,8009.9,4.06,37.2060016221,1015,44.21517521,7125,38.9965605721,1000.39,26.6,107.62,-10.34,-10.33,1.72,1.728,-0.9,-0.924,0.45,0.45,-0.19,-0.18,0.38,0.38,0.5957142857,-0.17,0.17,0.2585714286,0.41,0.41,0.5371428571,160,35.6164383562,116.5,79.34,-89.9,-50000000000
19:57:43,156.33,9/5/2015,43.9871,-78.0692,0,296.09,8009.9,4.08,37.2155431516,1018,44.2249706138,7153,39.0116542331,1000.36,27,107.88,-10.32,-10.334,1.72,1.714,-0.95,-0.92,0.45,0.45,-0.19,-0.18,0.63,0.63,0.5542857143,-0.33,0.33,0.2471428571,0.4,0.4,0.5871428571,160,35.6164383562,117.13,79.38,-88.82,-50000000000
19:58:18,156.92,9/5/2015,43.9871,-78.0692,0,296.09,8009.9,4.12,37.2262773723,1025,44.2359904431,7238,39.029658241,1000.46,27.5,107.04,-10.33,-10.33,1.71,1.706,-0.94,-0.914,0.45,0.45,-0.18,-0.18,0.8,0.8,0.57,-0.23,0.23,0.2585714286,0.49,0.49,0.5057142857,163,36.0273972603,116.7,79.43,-89.71,-50000000000
19:59:23,158,9/5/2015,43.9871,-78.0692,0,296.09,8009.9,4.07,37.2262773723,1016,44.2368954532,7152,39.0336845553,1000.42,28.3,107.37,-10.33,-10.336,1.69,1.696,-0.89,-0.922,0.45,0.45,-0.18,-0.18,0.31,0.31,0.6128571429,-0.38,0.38,0.2557142857,0.59,0.59,0.5242857143,157,35.2054794521,119.35,79.37,-87.2,-50000000000
19:59:53,158.5,9/5/2015,43.9871,-78.0692,0,296.09,8009.9,4.08,37.2197601668,1019,44.2317239667,7170,39.0343864794,1000.48,28.7,106.87,-10.33,-10.34,1.69,1.684,-0.89,-0.912,0.45,0.45,-0.18,-0.19,0.75,0.75,0.7114285714,0.13,0.13,0.2971428571,0.8,0.8,0.5842857143,161,35.7534246575,119.25,79.45,-86.16,-50000000000
20:00:28,159.08,9/5/2015,43.9871,-78.0692,0,296.09,8009.9,4.08,37.2262773723,1019,44.2357815946,7165,39.0402358465,1000.52,29.1,106.53,-10.37,-10.342,1.67,1.676,-0.94,-0.91,0.45,0.45,-0.19,-0.18,0.74,0.74,0.78,-0.38,0.38,0.2585714286,0.24,0.24,0.5914285714,165,36.301369863,118.7,79.57,-87.26,-50000000000
20:00:58,159.58,9/5/2015,43.9871,-78.0692,0,296.09,8009.9,4.07,37.2338807786,1016,44.2441355343,7115,39.0488799112,1000.55,29.5,106.28,-10.34,-10.35,1.66,1.668,-0.9,-0.924,0.45,0.45,-0.18,-0.18,0.68,0.68,0.8242857143,-0.17,0.17,0.2457142857,0.74,0.74,0.5857142857,168,36.7123287671,119.09,79.47,-86.16,-50000000000
20:01:33,160.17,9/5/2015,43.9871,-78.0692,0,296.09,8009.9,4.06,37.2345719973,1014,44.2421609667,7089,39.0382506067,1000.54,29.9,106.36,-10.34,-10.352,1.67,1.656,-0.93,-0.934,0.45,0.45,-0.18,-0.19,1.07,1.07,0.91,-0.46,0.46,0.2233333333,0.83,0.83,0.585,170,36.9863013699,119.01,79.55,-89.22,-50000000000
20:02:03,160.67,9/5/2015,43.9871,-78.0692,0,296.09,8009.9,4.12,37.2262773723,1025,44.2267593397,7189,39.0123928591,1000.52,30.2,106.53,-10.37,-10.3475,1.65,1.6525,-0.96,-0.9325,0.45,0.45,-0.18,-0.18,1.11,1.11,0.942,-0.06,0.06,0.242,0.45,0.45,0.542,168,36.7123287671,118.71,79.75,-87.49,-50000000000
20:02:38,161.25,9/5/2015,43.9871,-78.0692,0,296.09,8009.9,4.06,37.2465531225,1014,44.241722174,7063,39.0250708207,1000.51,30.5,106.62,-10.34,-10.35,1.63,1.65,-0.94,-0.9433333333,0.45,0.45,-0.18,-0.18,1.11,1.11,0.9925,-0.14,0.14,0.2075,0.45,0.45,0.6175,161,35.7534246575,119.42,79.57,-85.43,-50000000000
